🚀 Iniciando job: 1717
📅 Fecha: Sun Apr 12 11:59:59 AM CEST 2026
🖥️  Nodo: afrodita
🎮 GPU: NVIDIA A40
NVIDIA A40
GPUs disponibles: [PhysicalDevice(name='/physical_device:GPU:0', device_type='GPU')]
Configuración lista
Found 1379716 files belonging to 9 classes.
Using 1241745 files for training.
Found 1379716 files belonging to 9 classes.
Using 137971 files for validation.

📋 Clases: ['drinking', 'hair_and_makeup', 'phonecall', 'radio', 'reach_backseat', 'reach_side', 'safe_drive', 'talking_to_passenger', 'texting']
Total clases: 9

📊 Calculando pesos de clase...
Distribución original:
  drinking                 :  46282 muestras
  hair_and_makeup          :  60976 muestras
  phonecall                : 315970 muestras
  radio                    :  28646 muestras
  reach_backseat           :  12020 muestras
  reach_side               : 150957 muestras
  safe_drive               : 486379 muestras
  talking_to_passenger     :  16360 muestras
  texting                  : 124155 muestras

Pesos asignados (mayor peso = clase más importante):
  drinking                 : 2.9811
  hair_and_makeup          : 2.2627
  phonecall                : 0.4367
  radio                    : 4.8164
  reach_backseat           : 11.4785
  reach_side               : 0.9140
  safe_drive               : 0.2837
  talking_to_passenger     : 8.4335
  texting                  : 1.1113

🔧 Configurando Data Augmentation...
Clases con augmentation especial: ['texting', 'talking_to_passenger', 'radio', 'reach_backseat']
🚀 Optimizando pipeline de datos...
Resumen del modelo:
Model: "functional_2"
┏━━━━━━━━━━━━━━━━━━━━━━━━━━━━━━━┳━━━━━━━━━━━━━━━━━━━━━━━━━━━┳━━━━━━━━━━━━━━━━━┳━━━━━━━━━━━━━━━━━━━━━━━━━━━━┓
┃ Layer (type)                  ┃ Output Shape              ┃         Param # ┃ Connected to               ┃
┡━━━━━━━━━━━━━━━━━━━━━━━━━━━━━━━╇━━━━━━━━━━━━━━━━━━━━━━━━━━━╇━━━━━━━━━━━━━━━━━╇━━━━━━━━━━━━━━━━━━━━━━━━━━━━┩
│ input_layer_2 (InputLayer)    │ (None, 300, 300, 3)       │               0 │ -                          │
├───────────────────────────────┼───────────────────────────┼─────────────────┼────────────────────────────┤
│ rescaling (Rescaling)         │ (None, 300, 300, 3)       │               0 │ input_layer_2[0][0]        │
├───────────────────────────────┼───────────────────────────┼─────────────────┼────────────────────────────┤
│ normalization (Normalization) │ (None, 300, 300, 3)       │               7 │ rescaling[0][0]            │
├───────────────────────────────┼───────────────────────────┼─────────────────┼────────────────────────────┤
│ rescaling_1 (Rescaling)       │ (None, 300, 300, 3)       │               0 │ normalization[0][0]        │
├───────────────────────────────┼───────────────────────────┼─────────────────┼────────────────────────────┤
│ stem_conv_pad (ZeroPadding2D) │ (None, 301, 301, 3)       │               0 │ rescaling_1[0][0]          │
├───────────────────────────────┼───────────────────────────┼─────────────────┼────────────────────────────┤
│ stem_conv (Conv2D)            │ (None, 150, 150, 40)      │           1,080 │ stem_conv_pad[0][0]        │
├───────────────────────────────┼───────────────────────────┼─────────────────┼────────────────────────────┤
│ stem_bn (BatchNormalization)  │ (None, 150, 150, 40)      │             160 │ stem_conv[0][0]            │
├───────────────────────────────┼───────────────────────────┼─────────────────┼────────────────────────────┤
│ stem_activation (Activation)  │ (None, 150, 150, 40)      │               0 │ stem_bn[0][0]              │
├───────────────────────────────┼───────────────────────────┼─────────────────┼────────────────────────────┤
│ block1a_dwconv                │ (None, 150, 150, 40)      │             360 │ stem_activation[0][0]      │
│ (DepthwiseConv2D)             │                           │                 │                            │
├───────────────────────────────┼───────────────────────────┼─────────────────┼────────────────────────────┤
│ block1a_bn                    │ (None, 150, 150, 40)      │             160 │ block1a_dwconv[0][0]       │
│ (BatchNormalization)          │                           │                 │                            │
├───────────────────────────────┼───────────────────────────┼─────────────────┼────────────────────────────┤
│ block1a_activation            │ (None, 150, 150, 40)      │               0 │ block1a_bn[0][0]           │
│ (Activation)                  │                           │                 │                            │
├───────────────────────────────┼───────────────────────────┼─────────────────┼────────────────────────────┤
│ block1a_se_squeeze            │ (None, 40)                │               0 │ block1a_activation[0][0]   │
│ (GlobalAveragePooling2D)      │                           │                 │                            │
├───────────────────────────────┼───────────────────────────┼─────────────────┼────────────────────────────┤
│ block1a_se_reshape (Reshape)  │ (None, 1, 1, 40)          │               0 │ block1a_se_squeeze[0][0]   │
├───────────────────────────────┼───────────────────────────┼─────────────────┼────────────────────────────┤
│ block1a_se_reduce (Conv2D)    │ (None, 1, 1, 10)          │             410 │ block1a_se_reshape[0][0]   │
├───────────────────────────────┼───────────────────────────┼─────────────────┼────────────────────────────┤
│ block1a_se_expand (Conv2D)    │ (None, 1, 1, 40)          │             440 │ block1a_se_reduce[0][0]    │
├───────────────────────────────┼───────────────────────────┼─────────────────┼────────────────────────────┤
│ block1a_se_excite (Multiply)  │ (None, 150, 150, 40)      │               0 │ block1a_activation[0][0],  │
│                               │                           │                 │ block1a_se_expand[0][0]    │
├───────────────────────────────┼───────────────────────────┼─────────────────┼────────────────────────────┤
│ block1a_project_conv (Conv2D) │ (None, 150, 150, 24)      │             960 │ block1a_se_excite[0][0]    │
├───────────────────────────────┼───────────────────────────┼─────────────────┼────────────────────────────┤
│ block1a_project_bn            │ (None, 150, 150, 24)      │              96 │ block1a_project_conv[0][0] │
│ (BatchNormalization)          │                           │                 │                            │
├───────────────────────────────┼───────────────────────────┼─────────────────┼────────────────────────────┤
│ block1b_dwconv                │ (None, 150, 150, 24)      │             216 │ block1a_project_bn[0][0]   │
│ (DepthwiseConv2D)             │                           │                 │                            │
├───────────────────────────────┼───────────────────────────┼─────────────────┼────────────────────────────┤
│ block1b_bn                    │ (None, 150, 150, 24)      │              96 │ block1b_dwconv[0][0]       │
│ (BatchNormalization)          │                           │                 │                            │
├───────────────────────────────┼───────────────────────────┼─────────────────┼────────────────────────────┤
│ block1b_activation            │ (None, 150, 150, 24)      │               0 │ block1b_bn[0][0]           │
│ (Activation)                  │                           │                 │                            │
├───────────────────────────────┼───────────────────────────┼─────────────────┼────────────────────────────┤
│ block1b_se_squeeze            │ (None, 24)                │               0 │ block1b_activation[0][0]   │
│ (GlobalAveragePooling2D)      │                           │                 │                            │
├───────────────────────────────┼───────────────────────────┼─────────────────┼────────────────────────────┤
│ block1b_se_reshape (Reshape)  │ (None, 1, 1, 24)          │               0 │ block1b_se_squeeze[0][0]   │
├───────────────────────────────┼───────────────────────────┼─────────────────┼────────────────────────────┤
│ block1b_se_reduce (Conv2D)    │ (None, 1, 1, 6)           │             150 │ block1b_se_reshape[0][0]   │
├───────────────────────────────┼───────────────────────────┼─────────────────┼────────────────────────────┤
│ block1b_se_expand (Conv2D)    │ (None, 1, 1, 24)          │             168 │ block1b_se_reduce[0][0]    │
├───────────────────────────────┼───────────────────────────┼─────────────────┼────────────────────────────┤
│ block1b_se_excite (Multiply)  │ (None, 150, 150, 24)      │               0 │ block1b_activation[0][0],  │
│                               │                           │                 │ block1b_se_expand[0][0]    │
├───────────────────────────────┼───────────────────────────┼─────────────────┼────────────────────────────┤
│ block1b_project_conv (Conv2D) │ (None, 150, 150, 24)      │             576 │ block1b_se_excite[0][0]    │
├───────────────────────────────┼───────────────────────────┼─────────────────┼────────────────────────────┤
│ block1b_project_bn            │ (None, 150, 150, 24)      │              96 │ block1b_project_conv[0][0] │
│ (BatchNormalization)          │                           │                 │                            │
├───────────────────────────────┼───────────────────────────┼─────────────────┼────────────────────────────┤
│ block1b_drop (Dropout)        │ (None, 150, 150, 24)      │               0 │ block1b_project_bn[0][0]   │
├───────────────────────────────┼───────────────────────────┼─────────────────┼────────────────────────────┤
│ block1b_add (Add)             │ (None, 150, 150, 24)      │               0 │ block1b_drop[0][0],        │
│                               │                           │                 │ block1a_project_bn[0][0]   │
├───────────────────────────────┼───────────────────────────┼─────────────────┼────────────────────────────┤
│ block2a_expand_conv (Conv2D)  │ (None, 150, 150, 144)     │           3,456 │ block1b_add[0][0]          │
├───────────────────────────────┼───────────────────────────┼─────────────────┼────────────────────────────┤
│ block2a_expand_bn             │ (None, 150, 150, 144)     │             576 │ block2a_expand_conv[0][0]  │
│ (BatchNormalization)          │                           │                 │                            │
├───────────────────────────────┼───────────────────────────┼─────────────────┼────────────────────────────┤
│ block2a_expand_activation     │ (None, 150, 150, 144)     │               0 │ block2a_expand_bn[0][0]    │
│ (Activation)                  │                           │                 │                            │
├───────────────────────────────┼───────────────────────────┼─────────────────┼────────────────────────────┤
│ block2a_dwconv_pad            │ (None, 151, 151, 144)     │               0 │ block2a_expand_activation… │
│ (ZeroPadding2D)               │                           │                 │                            │
├───────────────────────────────┼───────────────────────────┼─────────────────┼────────────────────────────┤
│ block2a_dwconv                │ (None, 75, 75, 144)       │           1,296 │ block2a_dwconv_pad[0][0]   │
│ (DepthwiseConv2D)             │                           │                 │                            │
├───────────────────────────────┼───────────────────────────┼─────────────────┼────────────────────────────┤
│ block2a_bn                    │ (None, 75, 75, 144)       │             576 │ block2a_dwconv[0][0]       │
│ (BatchNormalization)          │                           │                 │                            │
├───────────────────────────────┼───────────────────────────┼─────────────────┼────────────────────────────┤
│ block2a_activation            │ (None, 75, 75, 144)       │               0 │ block2a_bn[0][0]           │
│ (Activation)                  │                           │                 │                            │
├───────────────────────────────┼───────────────────────────┼─────────────────┼────────────────────────────┤
│ block2a_se_squeeze            │ (None, 144)               │               0 │ block2a_activation[0][0]   │
│ (GlobalAveragePooling2D)      │                           │                 │                            │
├───────────────────────────────┼───────────────────────────┼─────────────────┼────────────────────────────┤
│ block2a_se_reshape (Reshape)  │ (None, 1, 1, 144)         │               0 │ block2a_se_squeeze[0][0]   │
├───────────────────────────────┼───────────────────────────┼─────────────────┼────────────────────────────┤
│ block2a_se_reduce (Conv2D)    │ (None, 1, 1, 6)           │             870 │ block2a_se_reshape[0][0]   │
├───────────────────────────────┼───────────────────────────┼─────────────────┼────────────────────────────┤
│ block2a_se_expand (Conv2D)    │ (None, 1, 1, 144)         │           1,008 │ block2a_se_reduce[0][0]    │
├───────────────────────────────┼───────────────────────────┼─────────────────┼────────────────────────────┤
│ block2a_se_excite (Multiply)  │ (None, 75, 75, 144)       │               0 │ block2a_activation[0][0],  │
│                               │                           │                 │ block2a_se_expand[0][0]    │
├───────────────────────────────┼───────────────────────────┼─────────────────┼────────────────────────────┤
│ block2a_project_conv (Conv2D) │ (None, 75, 75, 32)        │           4,608 │ block2a_se_excite[0][0]    │
├───────────────────────────────┼───────────────────────────┼─────────────────┼────────────────────────────┤
│ block2a_project_bn            │ (None, 75, 75, 32)        │             128 │ block2a_project_conv[0][0] │
│ (BatchNormalization)          │                           │                 │                            │
├───────────────────────────────┼───────────────────────────┼─────────────────┼────────────────────────────┤
│ block2b_expand_conv (Conv2D)  │ (None, 75, 75, 192)       │           6,144 │ block2a_project_bn[0][0]   │
├───────────────────────────────┼───────────────────────────┼─────────────────┼────────────────────────────┤
│ block2b_expand_bn             │ (None, 75, 75, 192)       │             768 │ block2b_expand_conv[0][0]  │
│ (BatchNormalization)          │                           │                 │                            │
├───────────────────────────────┼───────────────────────────┼─────────────────┼────────────────────────────┤
│ block2b_expand_activation     │ (None, 75, 75, 192)       │               0 │ block2b_expand_bn[0][0]    │
│ (Activation)                  │                           │                 │                            │
├───────────────────────────────┼───────────────────────────┼─────────────────┼────────────────────────────┤
│ block2b_dwconv                │ (None, 75, 75, 192)       │           1,728 │ block2b_expand_activation… │
│ (DepthwiseConv2D)             │                           │                 │                            │
├───────────────────────────────┼───────────────────────────┼─────────────────┼────────────────────────────┤
│ block2b_bn                    │ (None, 75, 75, 192)       │             768 │ block2b_dwconv[0][0]       │
│ (BatchNormalization)          │                           │                 │                            │
├───────────────────────────────┼───────────────────────────┼─────────────────┼────────────────────────────┤
│ block2b_activation            │ (None, 75, 75, 192)       │               0 │ block2b_bn[0][0]           │
│ (Activation)                  │                           │                 │                            │
├───────────────────────────────┼───────────────────────────┼─────────────────┼────────────────────────────┤
│ block2b_se_squeeze            │ (None, 192)               │               0 │ block2b_activation[0][0]   │
│ (GlobalAveragePooling2D)      │                           │                 │                            │
├───────────────────────────────┼───────────────────────────┼─────────────────┼────────────────────────────┤
│ block2b_se_reshape (Reshape)  │ (None, 1, 1, 192)         │               0 │ block2b_se_squeeze[0][0]   │
├───────────────────────────────┼───────────────────────────┼─────────────────┼────────────────────────────┤
│ block2b_se_reduce (Conv2D)    │ (None, 1, 1, 8)           │           1,544 │ block2b_se_reshape[0][0]   │
├───────────────────────────────┼───────────────────────────┼─────────────────┼────────────────────────────┤
│ block2b_se_expand (Conv2D)    │ (None, 1, 1, 192)         │           1,728 │ block2b_se_reduce[0][0]    │
├───────────────────────────────┼───────────────────────────┼─────────────────┼────────────────────────────┤
│ block2b_se_excite (Multiply)  │ (None, 75, 75, 192)       │               0 │ block2b_activation[0][0],  │
│                               │                           │                 │ block2b_se_expand[0][0]    │
├───────────────────────────────┼───────────────────────────┼─────────────────┼────────────────────────────┤
│ block2b_project_conv (Conv2D) │ (None, 75, 75, 32)        │           6,144 │ block2b_se_excite[0][0]    │
├───────────────────────────────┼───────────────────────────┼─────────────────┼────────────────────────────┤
│ block2b_project_bn            │ (None, 75, 75, 32)        │             128 │ block2b_project_conv[0][0] │
│ (BatchNormalization)          │                           │                 │                            │
├───────────────────────────────┼───────────────────────────┼─────────────────┼────────────────────────────┤
│ block2b_drop (Dropout)        │ (None, 75, 75, 32)        │               0 │ block2b_project_bn[0][0]   │
├───────────────────────────────┼───────────────────────────┼─────────────────┼────────────────────────────┤
│ block2b_add (Add)             │ (None, 75, 75, 32)        │               0 │ block2b_drop[0][0],        │
│                               │                           │                 │ block2a_project_bn[0][0]   │
├───────────────────────────────┼───────────────────────────┼─────────────────┼────────────────────────────┤
│ block2c_expand_conv (Conv2D)  │ (None, 75, 75, 192)       │           6,144 │ block2b_add[0][0]          │
├───────────────────────────────┼───────────────────────────┼─────────────────┼────────────────────────────┤
│ block2c_expand_bn             │ (None, 75, 75, 192)       │             768 │ block2c_expand_conv[0][0]  │
│ (BatchNormalization)          │                           │                 │                            │
├───────────────────────────────┼───────────────────────────┼─────────────────┼────────────────────────────┤
│ block2c_expand_activation     │ (None, 75, 75, 192)       │               0 │ block2c_expand_bn[0][0]    │
│ (Activation)                  │                           │                 │                            │
├───────────────────────────────┼───────────────────────────┼─────────────────┼────────────────────────────┤
│ block2c_dwconv                │ (None, 75, 75, 192)       │           1,728 │ block2c_expand_activation… │
│ (DepthwiseConv2D)             │                           │                 │                            │
├───────────────────────────────┼───────────────────────────┼─────────────────┼────────────────────────────┤
│ block2c_bn                    │ (None, 75, 75, 192)       │             768 │ block2c_dwconv[0][0]       │
│ (BatchNormalization)          │                           │                 │                            │
├───────────────────────────────┼───────────────────────────┼─────────────────┼────────────────────────────┤
│ block2c_activation            │ (None, 75, 75, 192)       │               0 │ block2c_bn[0][0]           │
│ (Activation)                  │                           │                 │                            │
├───────────────────────────────┼───────────────────────────┼─────────────────┼────────────────────────────┤
│ block2c_se_squeeze            │ (None, 192)               │               0 │ block2c_activation[0][0]   │
│ (GlobalAveragePooling2D)      │                           │                 │                            │
├───────────────────────────────┼───────────────────────────┼─────────────────┼────────────────────────────┤
│ block2c_se_reshape (Reshape)  │ (None, 1, 1, 192)         │               0 │ block2c_se_squeeze[0][0]   │
├───────────────────────────────┼───────────────────────────┼─────────────────┼────────────────────────────┤
│ block2c_se_reduce (Conv2D)    │ (None, 1, 1, 8)           │           1,544 │ block2c_se_reshape[0][0]   │
├───────────────────────────────┼───────────────────────────┼─────────────────┼────────────────────────────┤
│ block2c_se_expand (Conv2D)    │ (None, 1, 1, 192)         │           1,728 │ block2c_se_reduce[0][0]    │
├───────────────────────────────┼───────────────────────────┼─────────────────┼────────────────────────────┤
│ block2c_se_excite (Multiply)  │ (None, 75, 75, 192)       │               0 │ block2c_activation[0][0],  │
│                               │                           │                 │ block2c_se_expand[0][0]    │
├───────────────────────────────┼───────────────────────────┼─────────────────┼────────────────────────────┤
│ block2c_project_conv (Conv2D) │ (None, 75, 75, 32)        │           6,144 │ block2c_se_excite[0][0]    │
├───────────────────────────────┼───────────────────────────┼─────────────────┼────────────────────────────┤
│ block2c_project_bn            │ (None, 75, 75, 32)        │             128 │ block2c_project_conv[0][0] │
│ (BatchNormalization)          │                           │                 │                            │
├───────────────────────────────┼───────────────────────────┼─────────────────┼────────────────────────────┤
│ block2c_drop (Dropout)        │ (None, 75, 75, 32)        │               0 │ block2c_project_bn[0][0]   │
├───────────────────────────────┼───────────────────────────┼─────────────────┼────────────────────────────┤
│ block2c_add (Add)             │ (None, 75, 75, 32)        │               0 │ block2c_drop[0][0],        │
│                               │                           │                 │ block2b_add[0][0]          │
├───────────────────────────────┼───────────────────────────┼─────────────────┼────────────────────────────┤
│ block3a_expand_conv (Conv2D)  │ (None, 75, 75, 192)       │           6,144 │ block2c_add[0][0]          │
├───────────────────────────────┼───────────────────────────┼─────────────────┼────────────────────────────┤
│ block3a_expand_bn             │ (None, 75, 75, 192)       │             768 │ block3a_expand_conv[0][0]  │
│ (BatchNormalization)          │                           │                 │                            │
├───────────────────────────────┼───────────────────────────┼─────────────────┼────────────────────────────┤
│ block3a_expand_activation     │ (None, 75, 75, 192)       │               0 │ block3a_expand_bn[0][0]    │
│ (Activation)                  │                           │                 │                            │
├───────────────────────────────┼───────────────────────────┼─────────────────┼────────────────────────────┤
│ block3a_dwconv_pad            │ (None, 79, 79, 192)       │               0 │ block3a_expand_activation… │
│ (ZeroPadding2D)               │                           │                 │                            │
├───────────────────────────────┼───────────────────────────┼─────────────────┼────────────────────────────┤
│ block3a_dwconv                │ (None, 38, 38, 192)       │           4,800 │ block3a_dwconv_pad[0][0]   │
│ (DepthwiseConv2D)             │                           │                 │                            │
├───────────────────────────────┼───────────────────────────┼─────────────────┼────────────────────────────┤
│ block3a_bn                    │ (None, 38, 38, 192)       │             768 │ block3a_dwconv[0][0]       │
│ (BatchNormalization)          │                           │                 │                            │
├───────────────────────────────┼───────────────────────────┼─────────────────┼────────────────────────────┤
│ block3a_activation            │ (None, 38, 38, 192)       │               0 │ block3a_bn[0][0]           │
│ (Activation)                  │                           │                 │                            │
├───────────────────────────────┼───────────────────────────┼─────────────────┼────────────────────────────┤
│ block3a_se_squeeze            │ (None, 192)               │               0 │ block3a_activation[0][0]   │
│ (GlobalAveragePooling2D)      │                           │                 │                            │
├───────────────────────────────┼───────────────────────────┼─────────────────┼────────────────────────────┤
│ block3a_se_reshape (Reshape)  │ (None, 1, 1, 192)         │               0 │ block3a_se_squeeze[0][0]   │
├───────────────────────────────┼───────────────────────────┼─────────────────┼────────────────────────────┤
│ block3a_se_reduce (Conv2D)    │ (None, 1, 1, 8)           │           1,544 │ block3a_se_reshape[0][0]   │
├───────────────────────────────┼───────────────────────────┼─────────────────┼────────────────────────────┤
│ block3a_se_expand (Conv2D)    │ (None, 1, 1, 192)         │           1,728 │ block3a_se_reduce[0][0]    │
├───────────────────────────────┼───────────────────────────┼─────────────────┼────────────────────────────┤
│ block3a_se_excite (Multiply)  │ (None, 38, 38, 192)       │               0 │ block3a_activation[0][0],  │
│                               │                           │                 │ block3a_se_expand[0][0]    │
├───────────────────────────────┼───────────────────────────┼─────────────────┼────────────────────────────┤
│ block3a_project_conv (Conv2D) │ (None, 38, 38, 48)        │           9,216 │ block3a_se_excite[0][0]    │
├───────────────────────────────┼───────────────────────────┼─────────────────┼────────────────────────────┤
│ block3a_project_bn            │ (None, 38, 38, 48)        │             192 │ block3a_project_conv[0][0] │
│ (BatchNormalization)          │                           │                 │                            │
├───────────────────────────────┼───────────────────────────┼─────────────────┼────────────────────────────┤
│ block3b_expand_conv (Conv2D)  │ (None, 38, 38, 288)       │          13,824 │ block3a_project_bn[0][0]   │
├───────────────────────────────┼───────────────────────────┼─────────────────┼────────────────────────────┤
│ block3b_expand_bn             │ (None, 38, 38, 288)       │           1,152 │ block3b_expand_conv[0][0]  │
│ (BatchNormalization)          │                           │                 │                            │
├───────────────────────────────┼───────────────────────────┼─────────────────┼────────────────────────────┤
│ block3b_expand_activation     │ (None, 38, 38, 288)       │               0 │ block3b_expand_bn[0][0]    │
│ (Activation)                  │                           │                 │                            │
├───────────────────────────────┼───────────────────────────┼─────────────────┼────────────────────────────┤
│ block3b_dwconv                │ (None, 38, 38, 288)       │           7,200 │ block3b_expand_activation… │
│ (DepthwiseConv2D)             │                           │                 │                            │
├───────────────────────────────┼───────────────────────────┼─────────────────┼────────────────────────────┤
│ block3b_bn                    │ (None, 38, 38, 288)       │           1,152 │ block3b_dwconv[0][0]       │
│ (BatchNormalization)          │                           │                 │                            │
├───────────────────────────────┼───────────────────────────┼─────────────────┼────────────────────────────┤
│ block3b_activation            │ (None, 38, 38, 288)       │               0 │ block3b_bn[0][0]           │
│ (Activation)                  │                           │                 │                            │
├───────────────────────────────┼───────────────────────────┼─────────────────┼────────────────────────────┤
│ block3b_se_squeeze            │ (None, 288)               │               0 │ block3b_activation[0][0]   │
│ (GlobalAveragePooling2D)      │                           │                 │                            │
├───────────────────────────────┼───────────────────────────┼─────────────────┼────────────────────────────┤
│ block3b_se_reshape (Reshape)  │ (None, 1, 1, 288)         │               0 │ block3b_se_squeeze[0][0]   │
├───────────────────────────────┼───────────────────────────┼─────────────────┼────────────────────────────┤
│ block3b_se_reduce (Conv2D)    │ (None, 1, 1, 12)          │           3,468 │ block3b_se_reshape[0][0]   │
├───────────────────────────────┼───────────────────────────┼─────────────────┼────────────────────────────┤
│ block3b_se_expand (Conv2D)    │ (None, 1, 1, 288)         │           3,744 │ block3b_se_reduce[0][0]    │
├───────────────────────────────┼───────────────────────────┼─────────────────┼────────────────────────────┤
│ block3b_se_excite (Multiply)  │ (None, 38, 38, 288)       │               0 │ block3b_activation[0][0],  │
│                               │                           │                 │ block3b_se_expand[0][0]    │
├───────────────────────────────┼───────────────────────────┼─────────────────┼────────────────────────────┤
│ block3b_project_conv (Conv2D) │ (None, 38, 38, 48)        │          13,824 │ block3b_se_excite[0][0]    │
├───────────────────────────────┼───────────────────────────┼─────────────────┼────────────────────────────┤
│ block3b_project_bn            │ (None, 38, 38, 48)        │             192 │ block3b_project_conv[0][0] │
│ (BatchNormalization)          │                           │                 │                            │
├───────────────────────────────┼───────────────────────────┼─────────────────┼────────────────────────────┤
│ block3b_drop (Dropout)        │ (None, 38, 38, 48)        │               0 │ block3b_project_bn[0][0]   │
├───────────────────────────────┼───────────────────────────┼─────────────────┼────────────────────────────┤
│ block3b_add (Add)             │ (None, 38, 38, 48)        │               0 │ block3b_drop[0][0],        │
│                               │                           │                 │ block3a_project_bn[0][0]   │
├───────────────────────────────┼───────────────────────────┼─────────────────┼────────────────────────────┤
│ block3c_expand_conv (Conv2D)  │ (None, 38, 38, 288)       │          13,824 │ block3b_add[0][0]          │
├───────────────────────────────┼───────────────────────────┼─────────────────┼────────────────────────────┤
│ block3c_expand_bn             │ (None, 38, 38, 288)       │           1,152 │ block3c_expand_conv[0][0]  │
│ (BatchNormalization)          │                           │                 │                            │
├───────────────────────────────┼───────────────────────────┼─────────────────┼────────────────────────────┤
│ block3c_expand_activation     │ (None, 38, 38, 288)       │               0 │ block3c_expand_bn[0][0]    │
│ (Activation)                  │                           │                 │                            │
├───────────────────────────────┼───────────────────────────┼─────────────────┼────────────────────────────┤
│ block3c_dwconv                │ (None, 38, 38, 288)       │           7,200 │ block3c_expand_activation… │
│ (DepthwiseConv2D)             │                           │                 │                            │
├───────────────────────────────┼───────────────────────────┼─────────────────┼────────────────────────────┤
│ block3c_bn                    │ (None, 38, 38, 288)       │           1,152 │ block3c_dwconv[0][0]       │
│ (BatchNormalization)          │                           │                 │                            │
├───────────────────────────────┼───────────────────────────┼─────────────────┼────────────────────────────┤
│ block3c_activation            │ (None, 38, 38, 288)       │               0 │ block3c_bn[0][0]           │
│ (Activation)                  │                           │                 │                            │
├───────────────────────────────┼───────────────────────────┼─────────────────┼────────────────────────────┤
│ block3c_se_squeeze            │ (None, 288)               │               0 │ block3c_activation[0][0]   │
│ (GlobalAveragePooling2D)      │                           │                 │                            │
├───────────────────────────────┼───────────────────────────┼─────────────────┼────────────────────────────┤
│ block3c_se_reshape (Reshape)  │ (None, 1, 1, 288)         │               0 │ block3c_se_squeeze[0][0]   │
├───────────────────────────────┼───────────────────────────┼─────────────────┼────────────────────────────┤
│ block3c_se_reduce (Conv2D)    │ (None, 1, 1, 12)          │           3,468 │ block3c_se_reshape[0][0]   │
├───────────────────────────────┼───────────────────────────┼─────────────────┼────────────────────────────┤
│ block3c_se_expand (Conv2D)    │ (None, 1, 1, 288)         │           3,744 │ block3c_se_reduce[0][0]    │
├───────────────────────────────┼───────────────────────────┼─────────────────┼────────────────────────────┤
│ block3c_se_excite (Multiply)  │ (None, 38, 38, 288)       │               0 │ block3c_activation[0][0],  │
│                               │                           │                 │ block3c_se_expand[0][0]    │
├───────────────────────────────┼───────────────────────────┼─────────────────┼────────────────────────────┤
│ block3c_project_conv (Conv2D) │ (None, 38, 38, 48)        │          13,824 │ block3c_se_excite[0][0]    │
├───────────────────────────────┼───────────────────────────┼─────────────────┼────────────────────────────┤
│ block3c_project_bn            │ (None, 38, 38, 48)        │             192 │ block3c_project_conv[0][0] │
│ (BatchNormalization)          │                           │                 │                            │
├───────────────────────────────┼───────────────────────────┼─────────────────┼────────────────────────────┤
│ block3c_drop (Dropout)        │ (None, 38, 38, 48)        │               0 │ block3c_project_bn[0][0]   │
├───────────────────────────────┼───────────────────────────┼─────────────────┼────────────────────────────┤
│ block3c_add (Add)             │ (None, 38, 38, 48)        │               0 │ block3c_drop[0][0],        │
│                               │                           │                 │ block3b_add[0][0]          │
├───────────────────────────────┼───────────────────────────┼─────────────────┼────────────────────────────┤
│ block4a_expand_conv (Conv2D)  │ (None, 38, 38, 288)       │          13,824 │ block3c_add[0][0]          │
├───────────────────────────────┼───────────────────────────┼─────────────────┼────────────────────────────┤
│ block4a_expand_bn             │ (None, 38, 38, 288)       │           1,152 │ block4a_expand_conv[0][0]  │
│ (BatchNormalization)          │                           │                 │                            │
├───────────────────────────────┼───────────────────────────┼─────────────────┼────────────────────────────┤
│ block4a_expand_activation     │ (None, 38, 38, 288)       │               0 │ block4a_expand_bn[0][0]    │
│ (Activation)                  │                           │                 │                            │
├───────────────────────────────┼───────────────────────────┼─────────────────┼────────────────────────────┤
│ block4a_dwconv_pad            │ (None, 39, 39, 288)       │               0 │ block4a_expand_activation… │
│ (ZeroPadding2D)               │                           │                 │                            │
├───────────────────────────────┼───────────────────────────┼─────────────────┼────────────────────────────┤
│ block4a_dwconv                │ (None, 19, 19, 288)       │           2,592 │ block4a_dwconv_pad[0][0]   │
│ (DepthwiseConv2D)             │                           │                 │                            │
├───────────────────────────────┼───────────────────────────┼─────────────────┼────────────────────────────┤
│ block4a_bn                    │ (None, 19, 19, 288)       │           1,152 │ block4a_dwconv[0][0]       │
│ (BatchNormalization)          │                           │                 │                            │
├───────────────────────────────┼───────────────────────────┼─────────────────┼────────────────────────────┤
│ block4a_activation            │ (None, 19, 19, 288)       │               0 │ block4a_bn[0][0]           │
│ (Activation)                  │                           │                 │                            │
├───────────────────────────────┼───────────────────────────┼─────────────────┼────────────────────────────┤
│ block4a_se_squeeze            │ (None, 288)               │               0 │ block4a_activation[0][0]   │
│ (GlobalAveragePooling2D)      │                           │                 │                            │
├───────────────────────────────┼───────────────────────────┼─────────────────┼────────────────────────────┤
│ block4a_se_reshape (Reshape)  │ (None, 1, 1, 288)         │               0 │ block4a_se_squeeze[0][0]   │
├───────────────────────────────┼───────────────────────────┼─────────────────┼────────────────────────────┤
│ block4a_se_reduce (Conv2D)    │ (None, 1, 1, 12)          │           3,468 │ block4a_se_reshape[0][0]   │
├───────────────────────────────┼───────────────────────────┼─────────────────┼────────────────────────────┤
│ block4a_se_expand (Conv2D)    │ (None, 1, 1, 288)         │           3,744 │ block4a_se_reduce[0][0]    │
├───────────────────────────────┼───────────────────────────┼─────────────────┼────────────────────────────┤
│ block4a_se_excite (Multiply)  │ (None, 19, 19, 288)       │               0 │ block4a_activation[0][0],  │
│                               │                           │                 │ block4a_se_expand[0][0]    │
├───────────────────────────────┼───────────────────────────┼─────────────────┼────────────────────────────┤
│ block4a_project_conv (Conv2D) │ (None, 19, 19, 96)        │          27,648 │ block4a_se_excite[0][0]    │
├───────────────────────────────┼───────────────────────────┼─────────────────┼────────────────────────────┤
│ block4a_project_bn            │ (None, 19, 19, 96)        │             384 │ block4a_project_conv[0][0] │
│ (BatchNormalization)          │                           │                 │                            │
├───────────────────────────────┼───────────────────────────┼─────────────────┼────────────────────────────┤
│ block4b_expand_conv (Conv2D)  │ (None, 19, 19, 576)       │          55,296 │ block4a_project_bn[0][0]   │
├───────────────────────────────┼───────────────────────────┼─────────────────┼────────────────────────────┤
│ block4b_expand_bn             │ (None, 19, 19, 576)       │           2,304 │ block4b_expand_conv[0][0]  │
│ (BatchNormalization)          │                           │                 │                            │
├───────────────────────────────┼───────────────────────────┼─────────────────┼────────────────────────────┤
│ block4b_expand_activation     │ (None, 19, 19, 576)       │               0 │ block4b_expand_bn[0][0]    │
│ (Activation)                  │                           │                 │                            │
├───────────────────────────────┼───────────────────────────┼─────────────────┼────────────────────────────┤
│ block4b_dwconv                │ (None, 19, 19, 576)       │           5,184 │ block4b_expand_activation… │
│ (DepthwiseConv2D)             │                           │                 │                            │
├───────────────────────────────┼───────────────────────────┼─────────────────┼────────────────────────────┤
│ block4b_bn                    │ (None, 19, 19, 576)       │           2,304 │ block4b_dwconv[0][0]       │
│ (BatchNormalization)          │                           │                 │                            │
├───────────────────────────────┼───────────────────────────┼─────────────────┼────────────────────────────┤
│ block4b_activation            │ (None, 19, 19, 576)       │               0 │ block4b_bn[0][0]           │
│ (Activation)                  │                           │                 │                            │
├───────────────────────────────┼───────────────────────────┼─────────────────┼────────────────────────────┤
│ block4b_se_squeeze            │ (None, 576)               │               0 │ block4b_activation[0][0]   │
│ (GlobalAveragePooling2D)      │                           │                 │                            │
├───────────────────────────────┼───────────────────────────┼─────────────────┼────────────────────────────┤
│ block4b_se_reshape (Reshape)  │ (None, 1, 1, 576)         │               0 │ block4b_se_squeeze[0][0]   │
├───────────────────────────────┼───────────────────────────┼─────────────────┼────────────────────────────┤
│ block4b_se_reduce (Conv2D)    │ (None, 1, 1, 24)          │          13,848 │ block4b_se_reshape[0][0]   │
├───────────────────────────────┼───────────────────────────┼─────────────────┼────────────────────────────┤
│ block4b_se_expand (Conv2D)    │ (None, 1, 1, 576)         │          14,400 │ block4b_se_reduce[0][0]    │
├───────────────────────────────┼───────────────────────────┼─────────────────┼────────────────────────────┤
│ block4b_se_excite (Multiply)  │ (None, 19, 19, 576)       │               0 │ block4b_activation[0][0],  │
│                               │                           │                 │ block4b_se_expand[0][0]    │
├───────────────────────────────┼───────────────────────────┼─────────────────┼────────────────────────────┤
│ block4b_project_conv (Conv2D) │ (None, 19, 19, 96)        │          55,296 │ block4b_se_excite[0][0]    │
├───────────────────────────────┼───────────────────────────┼─────────────────┼────────────────────────────┤
│ block4b_project_bn            │ (None, 19, 19, 96)        │             384 │ block4b_project_conv[0][0] │
│ (BatchNormalization)          │                           │                 │                            │
├───────────────────────────────┼───────────────────────────┼─────────────────┼────────────────────────────┤
│ block4b_drop (Dropout)        │ (None, 19, 19, 96)        │               0 │ block4b_project_bn[0][0]   │
├───────────────────────────────┼───────────────────────────┼─────────────────┼────────────────────────────┤
│ block4b_add (Add)             │ (None, 19, 19, 96)        │               0 │ block4b_drop[0][0],        │
│                               │                           │                 │ block4a_project_bn[0][0]   │
├───────────────────────────────┼───────────────────────────┼─────────────────┼────────────────────────────┤
│ block4c_expand_conv (Conv2D)  │ (None, 19, 19, 576)       │          55,296 │ block4b_add[0][0]          │
├───────────────────────────────┼───────────────────────────┼─────────────────┼────────────────────────────┤
│ block4c_expand_bn             │ (None, 19, 19, 576)       │           2,304 │ block4c_expand_conv[0][0]  │
│ (BatchNormalization)          │                           │                 │                            │
├───────────────────────────────┼───────────────────────────┼─────────────────┼────────────────────────────┤
│ block4c_expand_activation     │ (None, 19, 19, 576)       │               0 │ block4c_expand_bn[0][0]    │
│ (Activation)                  │                           │                 │                            │
├───────────────────────────────┼───────────────────────────┼─────────────────┼────────────────────────────┤
│ block4c_dwconv                │ (None, 19, 19, 576)       │           5,184 │ block4c_expand_activation… │
│ (DepthwiseConv2D)             │                           │                 │                            │
├───────────────────────────────┼───────────────────────────┼─────────────────┼────────────────────────────┤
│ block4c_bn                    │ (None, 19, 19, 576)       │           2,304 │ block4c_dwconv[0][0]       │
│ (BatchNormalization)          │                           │                 │                            │
├───────────────────────────────┼───────────────────────────┼─────────────────┼────────────────────────────┤
│ block4c_activation            │ (None, 19, 19, 576)       │               0 │ block4c_bn[0][0]           │
│ (Activation)                  │                           │                 │                            │
├───────────────────────────────┼───────────────────────────┼─────────────────┼────────────────────────────┤
│ block4c_se_squeeze            │ (None, 576)               │               0 │ block4c_activation[0][0]   │
│ (GlobalAveragePooling2D)      │                           │                 │                            │
├───────────────────────────────┼───────────────────────────┼─────────────────┼────────────────────────────┤
│ block4c_se_reshape (Reshape)  │ (None, 1, 1, 576)         │               0 │ block4c_se_squeeze[0][0]   │
├───────────────────────────────┼───────────────────────────┼─────────────────┼────────────────────────────┤
│ block4c_se_reduce (Conv2D)    │ (None, 1, 1, 24)          │          13,848 │ block4c_se_reshape[0][0]   │
├───────────────────────────────┼───────────────────────────┼─────────────────┼────────────────────────────┤
│ block4c_se_expand (Conv2D)    │ (None, 1, 1, 576)         │          14,400 │ block4c_se_reduce[0][0]    │
├───────────────────────────────┼───────────────────────────┼─────────────────┼────────────────────────────┤
│ block4c_se_excite (Multiply)  │ (None, 19, 19, 576)       │               0 │ block4c_activation[0][0],  │
│                               │                           │                 │ block4c_se_expand[0][0]    │
├───────────────────────────────┼───────────────────────────┼─────────────────┼────────────────────────────┤
│ block4c_project_conv (Conv2D) │ (None, 19, 19, 96)        │          55,296 │ block4c_se_excite[0][0]    │
├───────────────────────────────┼───────────────────────────┼─────────────────┼────────────────────────────┤
│ block4c_project_bn            │ (None, 19, 19, 96)        │             384 │ block4c_project_conv[0][0] │
│ (BatchNormalization)          │                           │                 │                            │
├───────────────────────────────┼───────────────────────────┼─────────────────┼────────────────────────────┤
│ block4c_drop (Dropout)        │ (None, 19, 19, 96)        │               0 │ block4c_project_bn[0][0]   │
├───────────────────────────────┼───────────────────────────┼─────────────────┼────────────────────────────┤
│ block4c_add (Add)             │ (None, 19, 19, 96)        │               0 │ block4c_drop[0][0],        │
│                               │                           │                 │ block4b_add[0][0]          │
├───────────────────────────────┼───────────────────────────┼─────────────────┼────────────────────────────┤
│ block4d_expand_conv (Conv2D)  │ (None, 19, 19, 576)       │          55,296 │ block4c_add[0][0]          │
├───────────────────────────────┼───────────────────────────┼─────────────────┼────────────────────────────┤
│ block4d_expand_bn             │ (None, 19, 19, 576)       │           2,304 │ block4d_expand_conv[0][0]  │
│ (BatchNormalization)          │                           │                 │                            │
├───────────────────────────────┼───────────────────────────┼─────────────────┼────────────────────────────┤
│ block4d_expand_activation     │ (None, 19, 19, 576)       │               0 │ block4d_expand_bn[0][0]    │
│ (Activation)                  │                           │                 │                            │
├───────────────────────────────┼───────────────────────────┼─────────────────┼────────────────────────────┤
│ block4d_dwconv                │ (None, 19, 19, 576)       │           5,184 │ block4d_expand_activation… │
│ (DepthwiseConv2D)             │                           │                 │                            │
├───────────────────────────────┼───────────────────────────┼─────────────────┼────────────────────────────┤
│ block4d_bn                    │ (None, 19, 19, 576)       │           2,304 │ block4d_dwconv[0][0]       │
│ (BatchNormalization)          │                           │                 │                            │
├───────────────────────────────┼───────────────────────────┼─────────────────┼────────────────────────────┤
│ block4d_activation            │ (None, 19, 19, 576)       │               0 │ block4d_bn[0][0]           │
│ (Activation)                  │                           │                 │                            │
├───────────────────────────────┼───────────────────────────┼─────────────────┼────────────────────────────┤
│ block4d_se_squeeze            │ (None, 576)               │               0 │ block4d_activation[0][0]   │
│ (GlobalAveragePooling2D)      │                           │                 │                            │
├───────────────────────────────┼───────────────────────────┼─────────────────┼────────────────────────────┤
│ block4d_se_reshape (Reshape)  │ (None, 1, 1, 576)         │               0 │ block4d_se_squeeze[0][0]   │
├───────────────────────────────┼───────────────────────────┼─────────────────┼────────────────────────────┤
│ block4d_se_reduce (Conv2D)    │ (None, 1, 1, 24)          │          13,848 │ block4d_se_reshape[0][0]   │
├───────────────────────────────┼───────────────────────────┼─────────────────┼────────────────────────────┤
│ block4d_se_expand (Conv2D)    │ (None, 1, 1, 576)         │          14,400 │ block4d_se_reduce[0][0]    │
├───────────────────────────────┼───────────────────────────┼─────────────────┼────────────────────────────┤
│ block4d_se_excite (Multiply)  │ (None, 19, 19, 576)       │               0 │ block4d_activation[0][0],  │
│                               │                           │                 │ block4d_se_expand[0][0]    │
├───────────────────────────────┼───────────────────────────┼─────────────────┼────────────────────────────┤
│ block4d_project_conv (Conv2D) │ (None, 19, 19, 96)        │          55,296 │ block4d_se_excite[0][0]    │
├───────────────────────────────┼───────────────────────────┼─────────────────┼────────────────────────────┤
│ block4d_project_bn            │ (None, 19, 19, 96)        │             384 │ block4d_project_conv[0][0] │
│ (BatchNormalization)          │                           │                 │                            │
├───────────────────────────────┼───────────────────────────┼─────────────────┼────────────────────────────┤
│ block4d_drop (Dropout)        │ (None, 19, 19, 96)        │               0 │ block4d_project_bn[0][0]   │
├───────────────────────────────┼───────────────────────────┼─────────────────┼────────────────────────────┤
│ block4d_add (Add)             │ (None, 19, 19, 96)        │               0 │ block4d_drop[0][0],        │
│                               │                           │                 │ block4c_add[0][0]          │
├───────────────────────────────┼───────────────────────────┼─────────────────┼────────────────────────────┤
│ block4e_expand_conv (Conv2D)  │ (None, 19, 19, 576)       │          55,296 │ block4d_add[0][0]          │
├───────────────────────────────┼───────────────────────────┼─────────────────┼────────────────────────────┤
│ block4e_expand_bn             │ (None, 19, 19, 576)       │           2,304 │ block4e_expand_conv[0][0]  │
│ (BatchNormalization)          │                           │                 │                            │
├───────────────────────────────┼───────────────────────────┼─────────────────┼────────────────────────────┤
│ block4e_expand_activation     │ (None, 19, 19, 576)       │               0 │ block4e_expand_bn[0][0]    │
│ (Activation)                  │                           │                 │                            │
├───────────────────────────────┼───────────────────────────┼─────────────────┼────────────────────────────┤
│ block4e_dwconv                │ (None, 19, 19, 576)       │           5,184 │ block4e_expand_activation… │
│ (DepthwiseConv2D)             │                           │                 │                            │
├───────────────────────────────┼───────────────────────────┼─────────────────┼────────────────────────────┤
│ block4e_bn                    │ (None, 19, 19, 576)       │           2,304 │ block4e_dwconv[0][0]       │
│ (BatchNormalization)          │                           │                 │                            │
├───────────────────────────────┼───────────────────────────┼─────────────────┼────────────────────────────┤
│ block4e_activation            │ (None, 19, 19, 576)       │               0 │ block4e_bn[0][0]           │
│ (Activation)                  │                           │                 │                            │
├───────────────────────────────┼───────────────────────────┼─────────────────┼────────────────────────────┤
│ block4e_se_squeeze            │ (None, 576)               │               0 │ block4e_activation[0][0]   │
│ (GlobalAveragePooling2D)      │                           │                 │                            │
├───────────────────────────────┼───────────────────────────┼─────────────────┼────────────────────────────┤
│ block4e_se_reshape (Reshape)  │ (None, 1, 1, 576)         │               0 │ block4e_se_squeeze[0][0]   │
├───────────────────────────────┼───────────────────────────┼─────────────────┼────────────────────────────┤
│ block4e_se_reduce (Conv2D)    │ (None, 1, 1, 24)          │          13,848 │ block4e_se_reshape[0][0]   │
├───────────────────────────────┼───────────────────────────┼─────────────────┼────────────────────────────┤
│ block4e_se_expand (Conv2D)    │ (None, 1, 1, 576)         │          14,400 │ block4e_se_reduce[0][0]    │
├───────────────────────────────┼───────────────────────────┼─────────────────┼────────────────────────────┤
│ block4e_se_excite (Multiply)  │ (None, 19, 19, 576)       │               0 │ block4e_activation[0][0],  │
│                               │                           │                 │ block4e_se_expand[0][0]    │
├───────────────────────────────┼───────────────────────────┼─────────────────┼────────────────────────────┤
│ block4e_project_conv (Conv2D) │ (None, 19, 19, 96)        │          55,296 │ block4e_se_excite[0][0]    │
├───────────────────────────────┼───────────────────────────┼─────────────────┼────────────────────────────┤
│ block4e_project_bn            │ (None, 19, 19, 96)        │             384 │ block4e_project_conv[0][0] │
│ (BatchNormalization)          │                           │                 │                            │
├───────────────────────────────┼───────────────────────────┼─────────────────┼────────────────────────────┤
│ block4e_drop (Dropout)        │ (None, 19, 19, 96)        │               0 │ block4e_project_bn[0][0]   │
├───────────────────────────────┼───────────────────────────┼─────────────────┼────────────────────────────┤
│ block4e_add (Add)             │ (None, 19, 19, 96)        │               0 │ block4e_drop[0][0],        │
│                               │                           │                 │ block4d_add[0][0]          │
├───────────────────────────────┼───────────────────────────┼─────────────────┼────────────────────────────┤
│ block5a_expand_conv (Conv2D)  │ (None, 19, 19, 576)       │          55,296 │ block4e_add[0][0]          │
├───────────────────────────────┼───────────────────────────┼─────────────────┼────────────────────────────┤
│ block5a_expand_bn             │ (None, 19, 19, 576)       │           2,304 │ block5a_expand_conv[0][0]  │
│ (BatchNormalization)          │                           │                 │                            │
├───────────────────────────────┼───────────────────────────┼─────────────────┼────────────────────────────┤
│ block5a_expand_activation     │ (None, 19, 19, 576)       │               0 │ block5a_expand_bn[0][0]    │
│ (Activation)                  │                           │                 │                            │
├───────────────────────────────┼───────────────────────────┼─────────────────┼────────────────────────────┤
│ block5a_dwconv                │ (None, 19, 19, 576)       │          14,400 │ block5a_expand_activation… │
│ (DepthwiseConv2D)             │                           │                 │                            │
├───────────────────────────────┼───────────────────────────┼─────────────────┼────────────────────────────┤
│ block5a_bn                    │ (None, 19, 19, 576)       │           2,304 │ block5a_dwconv[0][0]       │
│ (BatchNormalization)          │                           │                 │                            │
├───────────────────────────────┼───────────────────────────┼─────────────────┼────────────────────────────┤
│ block5a_activation            │ (None, 19, 19, 576)       │               0 │ block5a_bn[0][0]           │
│ (Activation)                  │                           │                 │                            │
├───────────────────────────────┼───────────────────────────┼─────────────────┼────────────────────────────┤
│ block5a_se_squeeze            │ (None, 576)               │               0 │ block5a_activation[0][0]   │
│ (GlobalAveragePooling2D)      │                           │                 │                            │
├───────────────────────────────┼───────────────────────────┼─────────────────┼────────────────────────────┤
│ block5a_se_reshape (Reshape)  │ (None, 1, 1, 576)         │               0 │ block5a_se_squeeze[0][0]   │
├───────────────────────────────┼───────────────────────────┼─────────────────┼────────────────────────────┤
│ block5a_se_reduce (Conv2D)    │ (None, 1, 1, 24)          │          13,848 │ block5a_se_reshape[0][0]   │
├───────────────────────────────┼───────────────────────────┼─────────────────┼────────────────────────────┤
│ block5a_se_expand (Conv2D)    │ (None, 1, 1, 576)         │          14,400 │ block5a_se_reduce[0][0]    │
├───────────────────────────────┼───────────────────────────┼─────────────────┼────────────────────────────┤
│ block5a_se_excite (Multiply)  │ (None, 19, 19, 576)       │               0 │ block5a_activation[0][0],  │
│                               │                           │                 │ block5a_se_expand[0][0]    │
├───────────────────────────────┼───────────────────────────┼─────────────────┼────────────────────────────┤
│ block5a_project_conv (Conv2D) │ (None, 19, 19, 136)       │          78,336 │ block5a_se_excite[0][0]    │
├───────────────────────────────┼───────────────────────────┼─────────────────┼────────────────────────────┤
│ block5a_project_bn            │ (None, 19, 19, 136)       │             544 │ block5a_project_conv[0][0] │
│ (BatchNormalization)          │                           │                 │                            │
├───────────────────────────────┼───────────────────────────┼─────────────────┼────────────────────────────┤
│ block5b_expand_conv (Conv2D)  │ (None, 19, 19, 816)       │         110,976 │ block5a_project_bn[0][0]   │
├───────────────────────────────┼───────────────────────────┼─────────────────┼────────────────────────────┤
│ block5b_expand_bn             │ (None, 19, 19, 816)       │           3,264 │ block5b_expand_conv[0][0]  │
│ (BatchNormalization)          │                           │                 │                            │
├───────────────────────────────┼───────────────────────────┼─────────────────┼────────────────────────────┤
│ block5b_expand_activation     │ (None, 19, 19, 816)       │               0 │ block5b_expand_bn[0][0]    │
│ (Activation)                  │                           │                 │                            │
├───────────────────────────────┼───────────────────────────┼─────────────────┼────────────────────────────┤
│ block5b_dwconv                │ (None, 19, 19, 816)       │          20,400 │ block5b_expand_activation… │
│ (DepthwiseConv2D)             │                           │                 │                            │
├───────────────────────────────┼───────────────────────────┼─────────────────┼────────────────────────────┤
│ block5b_bn                    │ (None, 19, 19, 816)       │           3,264 │ block5b_dwconv[0][0]       │
│ (BatchNormalization)          │                           │                 │                            │
├───────────────────────────────┼───────────────────────────┼─────────────────┼────────────────────────────┤
│ block5b_activation            │ (None, 19, 19, 816)       │               0 │ block5b_bn[0][0]           │
│ (Activation)                  │                           │                 │                            │
├───────────────────────────────┼───────────────────────────┼─────────────────┼────────────────────────────┤
│ block5b_se_squeeze            │ (None, 816)               │               0 │ block5b_activation[0][0]   │
│ (GlobalAveragePooling2D)      │                           │                 │                            │
├───────────────────────────────┼───────────────────────────┼─────────────────┼────────────────────────────┤
│ block5b_se_reshape (Reshape)  │ (None, 1, 1, 816)         │               0 │ block5b_se_squeeze[0][0]   │
├───────────────────────────────┼───────────────────────────┼─────────────────┼────────────────────────────┤
│ block5b_se_reduce (Conv2D)    │ (None, 1, 1, 34)          │          27,778 │ block5b_se_reshape[0][0]   │
├───────────────────────────────┼───────────────────────────┼─────────────────┼────────────────────────────┤
│ block5b_se_expand (Conv2D)    │ (None, 1, 1, 816)         │          28,560 │ block5b_se_reduce[0][0]    │
├───────────────────────────────┼───────────────────────────┼─────────────────┼────────────────────────────┤
│ block5b_se_excite (Multiply)  │ (None, 19, 19, 816)       │               0 │ block5b_activation[0][0],  │
│                               │                           │                 │ block5b_se_expand[0][0]    │
├───────────────────────────────┼───────────────────────────┼─────────────────┼────────────────────────────┤
│ block5b_project_conv (Conv2D) │ (None, 19, 19, 136)       │         110,976 │ block5b_se_excite[0][0]    │
├───────────────────────────────┼───────────────────────────┼─────────────────┼────────────────────────────┤
│ block5b_project_bn            │ (None, 19, 19, 136)       │             544 │ block5b_project_conv[0][0] │
│ (BatchNormalization)          │                           │                 │                            │
├───────────────────────────────┼───────────────────────────┼─────────────────┼────────────────────────────┤
│ block5b_drop (Dropout)        │ (None, 19, 19, 136)       │               0 │ block5b_project_bn[0][0]   │
├───────────────────────────────┼───────────────────────────┼─────────────────┼────────────────────────────┤
│ block5b_add (Add)             │ (None, 19, 19, 136)       │               0 │ block5b_drop[0][0],        │
│                               │                           │                 │ block5a_project_bn[0][0]   │
├───────────────────────────────┼───────────────────────────┼─────────────────┼────────────────────────────┤
│ block5c_expand_conv (Conv2D)  │ (None, 19, 19, 816)       │         110,976 │ block5b_add[0][0]          │
├───────────────────────────────┼───────────────────────────┼─────────────────┼────────────────────────────┤
│ block5c_expand_bn             │ (None, 19, 19, 816)       │           3,264 │ block5c_expand_conv[0][0]  │
│ (BatchNormalization)          │                           │                 │                            │
├───────────────────────────────┼───────────────────────────┼─────────────────┼────────────────────────────┤
│ block5c_expand_activation     │ (None, 19, 19, 816)       │               0 │ block5c_expand_bn[0][0]    │
│ (Activation)                  │                           │                 │                            │
├───────────────────────────────┼───────────────────────────┼─────────────────┼────────────────────────────┤
│ block5c_dwconv                │ (None, 19, 19, 816)       │          20,400 │ block5c_expand_activation… │
│ (DepthwiseConv2D)             │                           │                 │                            │
├───────────────────────────────┼───────────────────────────┼─────────────────┼────────────────────────────┤
│ block5c_bn                    │ (None, 19, 19, 816)       │           3,264 │ block5c_dwconv[0][0]       │
│ (BatchNormalization)          │                           │                 │                            │
├───────────────────────────────┼───────────────────────────┼─────────────────┼────────────────────────────┤
│ block5c_activation            │ (None, 19, 19, 816)       │               0 │ block5c_bn[0][0]           │
│ (Activation)                  │                           │                 │                            │
├───────────────────────────────┼───────────────────────────┼─────────────────┼────────────────────────────┤
│ block5c_se_squeeze            │ (None, 816)               │               0 │ block5c_activation[0][0]   │
│ (GlobalAveragePooling2D)      │                           │                 │                            │
├───────────────────────────────┼───────────────────────────┼─────────────────┼────────────────────────────┤
│ block5c_se_reshape (Reshape)  │ (None, 1, 1, 816)         │               0 │ block5c_se_squeeze[0][0]   │
├───────────────────────────────┼───────────────────────────┼─────────────────┼────────────────────────────┤
│ block5c_se_reduce (Conv2D)    │ (None, 1, 1, 34)          │          27,778 │ block5c_se_reshape[0][0]   │
├───────────────────────────────┼───────────────────────────┼─────────────────┼────────────────────────────┤
│ block5c_se_expand (Conv2D)    │ (None, 1, 1, 816)         │          28,560 │ block5c_se_reduce[0][0]    │
├───────────────────────────────┼───────────────────────────┼─────────────────┼────────────────────────────┤
│ block5c_se_excite (Multiply)  │ (None, 19, 19, 816)       │               0 │ block5c_activation[0][0],  │
│                               │                           │                 │ block5c_se_expand[0][0]    │
├───────────────────────────────┼───────────────────────────┼─────────────────┼────────────────────────────┤
│ block5c_project_conv (Conv2D) │ (None, 19, 19, 136)       │         110,976 │ block5c_se_excite[0][0]    │
├───────────────────────────────┼───────────────────────────┼─────────────────┼────────────────────────────┤
│ block5c_project_bn            │ (None, 19, 19, 136)       │             544 │ block5c_project_conv[0][0] │
│ (BatchNormalization)          │                           │                 │                            │
├───────────────────────────────┼───────────────────────────┼─────────────────┼────────────────────────────┤
│ block5c_drop (Dropout)        │ (None, 19, 19, 136)       │               0 │ block5c_project_bn[0][0]   │
├───────────────────────────────┼───────────────────────────┼─────────────────┼────────────────────────────┤
│ block5c_add (Add)             │ (None, 19, 19, 136)       │               0 │ block5c_drop[0][0],        │
│                               │                           │                 │ block5b_add[0][0]          │
├───────────────────────────────┼───────────────────────────┼─────────────────┼────────────────────────────┤
│ block5d_expand_conv (Conv2D)  │ (None, 19, 19, 816)       │         110,976 │ block5c_add[0][0]          │
├───────────────────────────────┼───────────────────────────┼─────────────────┼────────────────────────────┤
│ block5d_expand_bn             │ (None, 19, 19, 816)       │           3,264 │ block5d_expand_conv[0][0]  │
│ (BatchNormalization)          │                           │                 │                            │
├───────────────────────────────┼───────────────────────────┼─────────────────┼────────────────────────────┤
│ block5d_expand_activation     │ (None, 19, 19, 816)       │               0 │ block5d_expand_bn[0][0]    │
│ (Activation)                  │                           │                 │                            │
├───────────────────────────────┼───────────────────────────┼─────────────────┼────────────────────────────┤
│ block5d_dwconv                │ (None, 19, 19, 816)       │          20,400 │ block5d_expand_activation… │
│ (DepthwiseConv2D)             │                           │                 │                            │
├───────────────────────────────┼───────────────────────────┼─────────────────┼────────────────────────────┤
│ block5d_bn                    │ (None, 19, 19, 816)       │           3,264 │ block5d_dwconv[0][0]       │
│ (BatchNormalization)          │                           │                 │                            │
├───────────────────────────────┼───────────────────────────┼─────────────────┼────────────────────────────┤
│ block5d_activation            │ (None, 19, 19, 816)       │               0 │ block5d_bn[0][0]           │
│ (Activation)                  │                           │                 │                            │
├───────────────────────────────┼───────────────────────────┼─────────────────┼────────────────────────────┤
│ block5d_se_squeeze            │ (None, 816)               │               0 │ block5d_activation[0][0]   │
│ (GlobalAveragePooling2D)      │                           │                 │                            │
├───────────────────────────────┼───────────────────────────┼─────────────────┼────────────────────────────┤
│ block5d_se_reshape (Reshape)  │ (None, 1, 1, 816)         │               0 │ block5d_se_squeeze[0][0]   │
├───────────────────────────────┼───────────────────────────┼─────────────────┼────────────────────────────┤
│ block5d_se_reduce (Conv2D)    │ (None, 1, 1, 34)          │          27,778 │ block5d_se_reshape[0][0]   │
├───────────────────────────────┼───────────────────────────┼─────────────────┼────────────────────────────┤
│ block5d_se_expand (Conv2D)    │ (None, 1, 1, 816)         │          28,560 │ block5d_se_reduce[0][0]    │
├───────────────────────────────┼───────────────────────────┼─────────────────┼────────────────────────────┤
│ block5d_se_excite (Multiply)  │ (None, 19, 19, 816)       │               0 │ block5d_activation[0][0],  │
│                               │                           │                 │ block5d_se_expand[0][0]    │
├───────────────────────────────┼───────────────────────────┼─────────────────┼────────────────────────────┤
│ block5d_project_conv (Conv2D) │ (None, 19, 19, 136)       │         110,976 │ block5d_se_excite[0][0]    │
├───────────────────────────────┼───────────────────────────┼─────────────────┼────────────────────────────┤
│ block5d_project_bn            │ (None, 19, 19, 136)       │             544 │ block5d_project_conv[0][0] │
│ (BatchNormalization)          │                           │                 │                            │
├───────────────────────────────┼───────────────────────────┼─────────────────┼────────────────────────────┤
│ block5d_drop (Dropout)        │ (None, 19, 19, 136)       │               0 │ block5d_project_bn[0][0]   │
├───────────────────────────────┼───────────────────────────┼─────────────────┼────────────────────────────┤
│ block5d_add (Add)             │ (None, 19, 19, 136)       │               0 │ block5d_drop[0][0],        │
│                               │                           │                 │ block5c_add[0][0]          │
├───────────────────────────────┼───────────────────────────┼─────────────────┼────────────────────────────┤
│ block5e_expand_conv (Conv2D)  │ (None, 19, 19, 816)       │         110,976 │ block5d_add[0][0]          │
├───────────────────────────────┼───────────────────────────┼─────────────────┼────────────────────────────┤
│ block5e_expand_bn             │ (None, 19, 19, 816)       │           3,264 │ block5e_expand_conv[0][0]  │
│ (BatchNormalization)          │                           │                 │                            │
├───────────────────────────────┼───────────────────────────┼─────────────────┼────────────────────────────┤
│ block5e_expand_activation     │ (None, 19, 19, 816)       │               0 │ block5e_expand_bn[0][0]    │
│ (Activation)                  │                           │                 │                            │
├───────────────────────────────┼───────────────────────────┼─────────────────┼────────────────────────────┤
│ block5e_dwconv                │ (None, 19, 19, 816)       │          20,400 │ block5e_expand_activation… │
│ (DepthwiseConv2D)             │                           │                 │                            │
├───────────────────────────────┼───────────────────────────┼─────────────────┼────────────────────────────┤
│ block5e_bn                    │ (None, 19, 19, 816)       │           3,264 │ block5e_dwconv[0][0]       │
│ (BatchNormalization)          │                           │                 │                            │
├───────────────────────────────┼───────────────────────────┼─────────────────┼────────────────────────────┤
│ block5e_activation            │ (None, 19, 19, 816)       │               0 │ block5e_bn[0][0]           │
│ (Activation)                  │                           │                 │                            │
├───────────────────────────────┼───────────────────────────┼─────────────────┼────────────────────────────┤
│ block5e_se_squeeze            │ (None, 816)               │               0 │ block5e_activation[0][0]   │
│ (GlobalAveragePooling2D)      │                           │                 │                            │
├───────────────────────────────┼───────────────────────────┼─────────────────┼────────────────────────────┤
│ block5e_se_reshape (Reshape)  │ (None, 1, 1, 816)         │               0 │ block5e_se_squeeze[0][0]   │
├───────────────────────────────┼───────────────────────────┼─────────────────┼────────────────────────────┤
│ block5e_se_reduce (Conv2D)    │ (None, 1, 1, 34)          │          27,778 │ block5e_se_reshape[0][0]   │
├───────────────────────────────┼───────────────────────────┼─────────────────┼────────────────────────────┤
│ block5e_se_expand (Conv2D)    │ (None, 1, 1, 816)         │          28,560 │ block5e_se_reduce[0][0]    │
├───────────────────────────────┼───────────────────────────┼─────────────────┼────────────────────────────┤
│ block5e_se_excite (Multiply)  │ (None, 19, 19, 816)       │               0 │ block5e_activation[0][0],  │
│                               │                           │                 │ block5e_se_expand[0][0]    │
├───────────────────────────────┼───────────────────────────┼─────────────────┼────────────────────────────┤
│ block5e_project_conv (Conv2D) │ (None, 19, 19, 136)       │         110,976 │ block5e_se_excite[0][0]    │
├───────────────────────────────┼───────────────────────────┼─────────────────┼────────────────────────────┤
│ block5e_project_bn            │ (None, 19, 19, 136)       │             544 │ block5e_project_conv[0][0] │
│ (BatchNormalization)          │                           │                 │                            │
├───────────────────────────────┼───────────────────────────┼─────────────────┼────────────────────────────┤
│ block5e_drop (Dropout)        │ (None, 19, 19, 136)       │               0 │ block5e_project_bn[0][0]   │
├───────────────────────────────┼───────────────────────────┼─────────────────┼────────────────────────────┤
│ block5e_add (Add)             │ (None, 19, 19, 136)       │               0 │ block5e_drop[0][0],        │
│                               │                           │                 │ block5d_add[0][0]          │
├───────────────────────────────┼───────────────────────────┼─────────────────┼────────────────────────────┤
│ block6a_expand_conv (Conv2D)  │ (None, 19, 19, 816)       │         110,976 │ block5e_add[0][0]          │
├───────────────────────────────┼───────────────────────────┼─────────────────┼────────────────────────────┤
│ block6a_expand_bn             │ (None, 19, 19, 816)       │           3,264 │ block6a_expand_conv[0][0]  │
│ (BatchNormalization)          │                           │                 │                            │
├───────────────────────────────┼───────────────────────────┼─────────────────┼────────────────────────────┤
│ block6a_expand_activation     │ (None, 19, 19, 816)       │               0 │ block6a_expand_bn[0][0]    │
│ (Activation)                  │                           │                 │                            │
├───────────────────────────────┼───────────────────────────┼─────────────────┼────────────────────────────┤
│ block6a_dwconv_pad            │ (None, 23, 23, 816)       │               0 │ block6a_expand_activation… │
│ (ZeroPadding2D)               │                           │                 │                            │
├───────────────────────────────┼───────────────────────────┼─────────────────┼────────────────────────────┤
│ block6a_dwconv                │ (None, 10, 10, 816)       │          20,400 │ block6a_dwconv_pad[0][0]   │
│ (DepthwiseConv2D)             │                           │                 │                            │
├───────────────────────────────┼───────────────────────────┼─────────────────┼────────────────────────────┤
│ block6a_bn                    │ (None, 10, 10, 816)       │           3,264 │ block6a_dwconv[0][0]       │
│ (BatchNormalization)          │                           │                 │                            │
├───────────────────────────────┼───────────────────────────┼─────────────────┼────────────────────────────┤
│ block6a_activation            │ (None, 10, 10, 816)       │               0 │ block6a_bn[0][0]           │
│ (Activation)                  │                           │                 │                            │
├───────────────────────────────┼───────────────────────────┼─────────────────┼────────────────────────────┤
│ block6a_se_squeeze            │ (None, 816)               │               0 │ block6a_activation[0][0]   │
│ (GlobalAveragePooling2D)      │                           │                 │                            │
├───────────────────────────────┼───────────────────────────┼─────────────────┼────────────────────────────┤
│ block6a_se_reshape (Reshape)  │ (None, 1, 1, 816)         │               0 │ block6a_se_squeeze[0][0]   │
├───────────────────────────────┼───────────────────────────┼─────────────────┼────────────────────────────┤
│ block6a_se_reduce (Conv2D)    │ (None, 1, 1, 34)          │          27,778 │ block6a_se_reshape[0][0]   │
├───────────────────────────────┼───────────────────────────┼─────────────────┼────────────────────────────┤
│ block6a_se_expand (Conv2D)    │ (None, 1, 1, 816)         │          28,560 │ block6a_se_reduce[0][0]    │
├───────────────────────────────┼───────────────────────────┼─────────────────┼────────────────────────────┤
│ block6a_se_excite (Multiply)  │ (None, 10, 10, 816)       │               0 │ block6a_activation[0][0],  │
│                               │                           │                 │ block6a_se_expand[0][0]    │
├───────────────────────────────┼───────────────────────────┼─────────────────┼────────────────────────────┤
│ block6a_project_conv (Conv2D) │ (None, 10, 10, 232)       │         189,312 │ block6a_se_excite[0][0]    │
├───────────────────────────────┼───────────────────────────┼─────────────────┼────────────────────────────┤
│ block6a_project_bn            │ (None, 10, 10, 232)       │             928 │ block6a_project_conv[0][0] │
│ (BatchNormalization)          │                           │                 │                            │
├───────────────────────────────┼───────────────────────────┼─────────────────┼────────────────────────────┤
│ block6b_expand_conv (Conv2D)  │ (None, 10, 10, 1392)      │         322,944 │ block6a_project_bn[0][0]   │
├───────────────────────────────┼───────────────────────────┼─────────────────┼────────────────────────────┤
│ block6b_expand_bn             │ (None, 10, 10, 1392)      │           5,568 │ block6b_expand_conv[0][0]  │
│ (BatchNormalization)          │                           │                 │                            │
├───────────────────────────────┼───────────────────────────┼─────────────────┼────────────────────────────┤
│ block6b_expand_activation     │ (None, 10, 10, 1392)      │               0 │ block6b_expand_bn[0][0]    │
│ (Activation)                  │                           │                 │                            │
├───────────────────────────────┼───────────────────────────┼─────────────────┼────────────────────────────┤
│ block6b_dwconv                │ (None, 10, 10, 1392)      │          34,800 │ block6b_expand_activation… │
│ (DepthwiseConv2D)             │                           │                 │                            │
├───────────────────────────────┼───────────────────────────┼─────────────────┼────────────────────────────┤
│ block6b_bn                    │ (None, 10, 10, 1392)      │           5,568 │ block6b_dwconv[0][0]       │
│ (BatchNormalization)          │                           │                 │                            │
├───────────────────────────────┼───────────────────────────┼─────────────────┼────────────────────────────┤
│ block6b_activation            │ (None, 10, 10, 1392)      │               0 │ block6b_bn[0][0]           │
│ (Activation)                  │                           │                 │                            │
├───────────────────────────────┼───────────────────────────┼─────────────────┼────────────────────────────┤
│ block6b_se_squeeze            │ (None, 1392)              │               0 │ block6b_activation[0][0]   │
│ (GlobalAveragePooling2D)      │                           │                 │                            │
├───────────────────────────────┼───────────────────────────┼─────────────────┼────────────────────────────┤
│ block6b_se_reshape (Reshape)  │ (None, 1, 1, 1392)        │               0 │ block6b_se_squeeze[0][0]   │
├───────────────────────────────┼───────────────────────────┼─────────────────┼────────────────────────────┤
│ block6b_se_reduce (Conv2D)    │ (None, 1, 1, 58)          │          80,794 │ block6b_se_reshape[0][0]   │
├───────────────────────────────┼───────────────────────────┼─────────────────┼────────────────────────────┤
│ block6b_se_expand (Conv2D)    │ (None, 1, 1, 1392)        │          82,128 │ block6b_se_reduce[0][0]    │
├───────────────────────────────┼───────────────────────────┼─────────────────┼────────────────────────────┤
│ block6b_se_excite (Multiply)  │ (None, 10, 10, 1392)      │               0 │ block6b_activation[0][0],  │
│                               │                           │                 │ block6b_se_expand[0][0]    │
├───────────────────────────────┼───────────────────────────┼─────────────────┼────────────────────────────┤
│ block6b_project_conv (Conv2D) │ (None, 10, 10, 232)       │         322,944 │ block6b_se_excite[0][0]    │
├───────────────────────────────┼───────────────────────────┼─────────────────┼────────────────────────────┤
│ block6b_project_bn            │ (None, 10, 10, 232)       │             928 │ block6b_project_conv[0][0] │
│ (BatchNormalization)          │                           │                 │                            │
├───────────────────────────────┼───────────────────────────┼─────────────────┼────────────────────────────┤
│ block6b_drop (Dropout)        │ (None, 10, 10, 232)       │               0 │ block6b_project_bn[0][0]   │
├───────────────────────────────┼───────────────────────────┼─────────────────┼────────────────────────────┤
│ block6b_add (Add)             │ (None, 10, 10, 232)       │               0 │ block6b_drop[0][0],        │
│                               │                           │                 │ block6a_project_bn[0][0]   │
├───────────────────────────────┼───────────────────────────┼─────────────────┼────────────────────────────┤
│ block6c_expand_conv (Conv2D)  │ (None, 10, 10, 1392)      │         322,944 │ block6b_add[0][0]          │
├───────────────────────────────┼───────────────────────────┼─────────────────┼────────────────────────────┤
│ block6c_expand_bn             │ (None, 10, 10, 1392)      │           5,568 │ block6c_expand_conv[0][0]  │
│ (BatchNormalization)          │                           │                 │                            │
├───────────────────────────────┼───────────────────────────┼─────────────────┼────────────────────────────┤
│ block6c_expand_activation     │ (None, 10, 10, 1392)      │               0 │ block6c_expand_bn[0][0]    │
│ (Activation)                  │                           │                 │                            │
├───────────────────────────────┼───────────────────────────┼─────────────────┼────────────────────────────┤
│ block6c_dwconv                │ (None, 10, 10, 1392)      │          34,800 │ block6c_expand_activation… │
│ (DepthwiseConv2D)             │                           │                 │                            │
├───────────────────────────────┼───────────────────────────┼─────────────────┼────────────────────────────┤
│ block6c_bn                    │ (None, 10, 10, 1392)      │           5,568 │ block6c_dwconv[0][0]       │
│ (BatchNormalization)          │                           │                 │                            │
├───────────────────────────────┼───────────────────────────┼─────────────────┼────────────────────────────┤
│ block6c_activation            │ (None, 10, 10, 1392)      │               0 │ block6c_bn[0][0]           │
│ (Activation)                  │                           │                 │                            │
├───────────────────────────────┼───────────────────────────┼─────────────────┼────────────────────────────┤
│ block6c_se_squeeze            │ (None, 1392)              │               0 │ block6c_activation[0][0]   │
│ (GlobalAveragePooling2D)      │                           │                 │                            │
├───────────────────────────────┼───────────────────────────┼─────────────────┼────────────────────────────┤
│ block6c_se_reshape (Reshape)  │ (None, 1, 1, 1392)        │               0 │ block6c_se_squeeze[0][0]   │
├───────────────────────────────┼───────────────────────────┼─────────────────┼────────────────────────────┤
│ block6c_se_reduce (Conv2D)    │ (None, 1, 1, 58)          │          80,794 │ block6c_se_reshape[0][0]   │
├───────────────────────────────┼───────────────────────────┼─────────────────┼────────────────────────────┤
│ block6c_se_expand (Conv2D)    │ (None, 1, 1, 1392)        │          82,128 │ block6c_se_reduce[0][0]    │
├───────────────────────────────┼───────────────────────────┼─────────────────┼────────────────────────────┤
│ block6c_se_excite (Multiply)  │ (None, 10, 10, 1392)      │               0 │ block6c_activation[0][0],  │
│                               │                           │                 │ block6c_se_expand[0][0]    │
├───────────────────────────────┼───────────────────────────┼─────────────────┼────────────────────────────┤
│ block6c_project_conv (Conv2D) │ (None, 10, 10, 232)       │         322,944 │ block6c_se_excite[0][0]    │
├───────────────────────────────┼───────────────────────────┼─────────────────┼────────────────────────────┤
│ block6c_project_bn            │ (None, 10, 10, 232)       │             928 │ block6c_project_conv[0][0] │
│ (BatchNormalization)          │                           │                 │                            │
├───────────────────────────────┼───────────────────────────┼─────────────────┼────────────────────────────┤
│ block6c_drop (Dropout)        │ (None, 10, 10, 232)       │               0 │ block6c_project_bn[0][0]   │
├───────────────────────────────┼───────────────────────────┼─────────────────┼────────────────────────────┤
│ block6c_add (Add)             │ (None, 10, 10, 232)       │               0 │ block6c_drop[0][0],        │
│                               │                           │                 │ block6b_add[0][0]          │
├───────────────────────────────┼───────────────────────────┼─────────────────┼────────────────────────────┤
│ block6d_expand_conv (Conv2D)  │ (None, 10, 10, 1392)      │         322,944 │ block6c_add[0][0]          │
├───────────────────────────────┼───────────────────────────┼─────────────────┼────────────────────────────┤
│ block6d_expand_bn             │ (None, 10, 10, 1392)      │           5,568 │ block6d_expand_conv[0][0]  │
│ (BatchNormalization)          │                           │                 │                            │
├───────────────────────────────┼───────────────────────────┼─────────────────┼────────────────────────────┤
│ block6d_expand_activation     │ (None, 10, 10, 1392)      │               0 │ block6d_expand_bn[0][0]    │
│ (Activation)                  │                           │                 │                            │
├───────────────────────────────┼───────────────────────────┼─────────────────┼────────────────────────────┤
│ block6d_dwconv                │ (None, 10, 10, 1392)      │          34,800 │ block6d_expand_activation… │
│ (DepthwiseConv2D)             │                           │                 │                            │
├───────────────────────────────┼───────────────────────────┼─────────────────┼────────────────────────────┤
│ block6d_bn                    │ (None, 10, 10, 1392)      │           5,568 │ block6d_dwconv[0][0]       │
│ (BatchNormalization)          │                           │                 │                            │
├───────────────────────────────┼───────────────────────────┼─────────────────┼────────────────────────────┤
│ block6d_activation            │ (None, 10, 10, 1392)      │               0 │ block6d_bn[0][0]           │
│ (Activation)                  │                           │                 │                            │
├───────────────────────────────┼───────────────────────────┼─────────────────┼────────────────────────────┤
│ block6d_se_squeeze            │ (None, 1392)              │               0 │ block6d_activation[0][0]   │
│ (GlobalAveragePooling2D)      │                           │                 │                            │
├───────────────────────────────┼───────────────────────────┼─────────────────┼────────────────────────────┤
│ block6d_se_reshape (Reshape)  │ (None, 1, 1, 1392)        │               0 │ block6d_se_squeeze[0][0]   │
├───────────────────────────────┼───────────────────────────┼─────────────────┼────────────────────────────┤
│ block6d_se_reduce (Conv2D)    │ (None, 1, 1, 58)          │          80,794 │ block6d_se_reshape[0][0]   │
├───────────────────────────────┼───────────────────────────┼─────────────────┼────────────────────────────┤
│ block6d_se_expand (Conv2D)    │ (None, 1, 1, 1392)        │          82,128 │ block6d_se_reduce[0][0]    │
├───────────────────────────────┼───────────────────────────┼─────────────────┼────────────────────────────┤
│ block6d_se_excite (Multiply)  │ (None, 10, 10, 1392)      │               0 │ block6d_activation[0][0],  │
│                               │                           │                 │ block6d_se_expand[0][0]    │
├───────────────────────────────┼───────────────────────────┼─────────────────┼────────────────────────────┤
│ block6d_project_conv (Conv2D) │ (None, 10, 10, 232)       │         322,944 │ block6d_se_excite[0][0]    │
├───────────────────────────────┼───────────────────────────┼─────────────────┼────────────────────────────┤
│ block6d_project_bn            │ (None, 10, 10, 232)       │             928 │ block6d_project_conv[0][0] │
│ (BatchNormalization)          │                           │                 │                            │
├───────────────────────────────┼───────────────────────────┼─────────────────┼────────────────────────────┤
│ block6d_drop (Dropout)        │ (None, 10, 10, 232)       │               0 │ block6d_project_bn[0][0]   │
├───────────────────────────────┼───────────────────────────┼─────────────────┼────────────────────────────┤
│ block6d_add (Add)             │ (None, 10, 10, 232)       │               0 │ block6d_drop[0][0],        │
│                               │                           │                 │ block6c_add[0][0]          │
├───────────────────────────────┼───────────────────────────┼─────────────────┼────────────────────────────┤
│ block6e_expand_conv (Conv2D)  │ (None, 10, 10, 1392)      │         322,944 │ block6d_add[0][0]          │
├───────────────────────────────┼───────────────────────────┼─────────────────┼────────────────────────────┤
│ block6e_expand_bn             │ (None, 10, 10, 1392)      │           5,568 │ block6e_expand_conv[0][0]  │
│ (BatchNormalization)          │                           │                 │                            │
├───────────────────────────────┼───────────────────────────┼─────────────────┼────────────────────────────┤
│ block6e_expand_activation     │ (None, 10, 10, 1392)      │               0 │ block6e_expand_bn[0][0]    │
│ (Activation)                  │                           │                 │                            │
├───────────────────────────────┼───────────────────────────┼─────────────────┼────────────────────────────┤
│ block6e_dwconv                │ (None, 10, 10, 1392)      │          34,800 │ block6e_expand_activation… │
│ (DepthwiseConv2D)             │                           │                 │                            │
├───────────────────────────────┼───────────────────────────┼─────────────────┼────────────────────────────┤
│ block6e_bn                    │ (None, 10, 10, 1392)      │           5,568 │ block6e_dwconv[0][0]       │
│ (BatchNormalization)          │                           │                 │                            │
├───────────────────────────────┼───────────────────────────┼─────────────────┼────────────────────────────┤
│ block6e_activation            │ (None, 10, 10, 1392)      │               0 │ block6e_bn[0][0]           │
│ (Activation)                  │                           │                 │                            │
├───────────────────────────────┼───────────────────────────┼─────────────────┼────────────────────────────┤
│ block6e_se_squeeze            │ (None, 1392)              │               0 │ block6e_activation[0][0]   │
│ (GlobalAveragePooling2D)      │                           │                 │                            │
├───────────────────────────────┼───────────────────────────┼─────────────────┼────────────────────────────┤
│ block6e_se_reshape (Reshape)  │ (None, 1, 1, 1392)        │               0 │ block6e_se_squeeze[0][0]   │
├───────────────────────────────┼───────────────────────────┼─────────────────┼────────────────────────────┤
│ block6e_se_reduce (Conv2D)    │ (None, 1, 1, 58)          │          80,794 │ block6e_se_reshape[0][0]   │
├───────────────────────────────┼───────────────────────────┼─────────────────┼────────────────────────────┤
│ block6e_se_expand (Conv2D)    │ (None, 1, 1, 1392)        │          82,128 │ block6e_se_reduce[0][0]    │
├───────────────────────────────┼───────────────────────────┼─────────────────┼────────────────────────────┤
│ block6e_se_excite (Multiply)  │ (None, 10, 10, 1392)      │               0 │ block6e_activation[0][0],  │
│                               │                           │                 │ block6e_se_expand[0][0]    │
├───────────────────────────────┼───────────────────────────┼─────────────────┼────────────────────────────┤
│ block6e_project_conv (Conv2D) │ (None, 10, 10, 232)       │         322,944 │ block6e_se_excite[0][0]    │
├───────────────────────────────┼───────────────────────────┼─────────────────┼────────────────────────────┤
│ block6e_project_bn            │ (None, 10, 10, 232)       │             928 │ block6e_project_conv[0][0] │
│ (BatchNormalization)          │                           │                 │                            │
├───────────────────────────────┼───────────────────────────┼─────────────────┼────────────────────────────┤
│ block6e_drop (Dropout)        │ (None, 10, 10, 232)       │               0 │ block6e_project_bn[0][0]   │
├───────────────────────────────┼───────────────────────────┼─────────────────┼────────────────────────────┤
│ block6e_add (Add)             │ (None, 10, 10, 232)       │               0 │ block6e_drop[0][0],        │
│                               │                           │                 │ block6d_add[0][0]          │
├───────────────────────────────┼───────────────────────────┼─────────────────┼────────────────────────────┤
│ block6f_expand_conv (Conv2D)  │ (None, 10, 10, 1392)      │         322,944 │ block6e_add[0][0]          │
├───────────────────────────────┼───────────────────────────┼─────────────────┼────────────────────────────┤
│ block6f_expand_bn             │ (None, 10, 10, 1392)      │           5,568 │ block6f_expand_conv[0][0]  │
│ (BatchNormalization)          │                           │                 │                            │
├───────────────────────────────┼───────────────────────────┼─────────────────┼────────────────────────────┤
│ block6f_expand_activation     │ (None, 10, 10, 1392)      │               0 │ block6f_expand_bn[0][0]    │
│ (Activation)                  │                           │                 │                            │
├───────────────────────────────┼───────────────────────────┼─────────────────┼────────────────────────────┤
│ block6f_dwconv                │ (None, 10, 10, 1392)      │          34,800 │ block6f_expand_activation… │
│ (DepthwiseConv2D)             │                           │                 │                            │
├───────────────────────────────┼───────────────────────────┼─────────────────┼────────────────────────────┤
│ block6f_bn                    │ (None, 10, 10, 1392)      │           5,568 │ block6f_dwconv[0][0]       │
│ (BatchNormalization)          │                           │                 │                            │
├───────────────────────────────┼───────────────────────────┼─────────────────┼────────────────────────────┤
│ block6f_activation            │ (None, 10, 10, 1392)      │               0 │ block6f_bn[0][0]           │
│ (Activation)                  │                           │                 │                            │
├───────────────────────────────┼───────────────────────────┼─────────────────┼────────────────────────────┤
│ block6f_se_squeeze            │ (None, 1392)              │               0 │ block6f_activation[0][0]   │
│ (GlobalAveragePooling2D)      │                           │                 │                            │
├───────────────────────────────┼───────────────────────────┼─────────────────┼────────────────────────────┤
│ block6f_se_reshape (Reshape)  │ (None, 1, 1, 1392)        │               0 │ block6f_se_squeeze[0][0]   │
├───────────────────────────────┼───────────────────────────┼─────────────────┼────────────────────────────┤
│ block6f_se_reduce (Conv2D)    │ (None, 1, 1, 58)          │          80,794 │ block6f_se_reshape[0][0]   │
├───────────────────────────────┼───────────────────────────┼─────────────────┼────────────────────────────┤
│ block6f_se_expand (Conv2D)    │ (None, 1, 1, 1392)        │          82,128 │ block6f_se_reduce[0][0]    │
├───────────────────────────────┼───────────────────────────┼─────────────────┼────────────────────────────┤
│ block6f_se_excite (Multiply)  │ (None, 10, 10, 1392)      │               0 │ block6f_activation[0][0],  │
│                               │                           │                 │ block6f_se_expand[0][0]    │
├───────────────────────────────┼───────────────────────────┼─────────────────┼────────────────────────────┤
│ block6f_project_conv (Conv2D) │ (None, 10, 10, 232)       │         322,944 │ block6f_se_excite[0][0]    │
├───────────────────────────────┼───────────────────────────┼─────────────────┼────────────────────────────┤
│ block6f_project_bn            │ (None, 10, 10, 232)       │             928 │ block6f_project_conv[0][0] │
│ (BatchNormalization)          │                           │                 │                            │
├───────────────────────────────┼───────────────────────────┼─────────────────┼────────────────────────────┤
│ block6f_drop (Dropout)        │ (None, 10, 10, 232)       │               0 │ block6f_project_bn[0][0]   │
├───────────────────────────────┼───────────────────────────┼─────────────────┼────────────────────────────┤
│ block6f_add (Add)             │ (None, 10, 10, 232)       │               0 │ block6f_drop[0][0],        │
│                               │                           │                 │ block6e_add[0][0]          │
├───────────────────────────────┼───────────────────────────┼─────────────────┼────────────────────────────┤
│ block7a_expand_conv (Conv2D)  │ (None, 10, 10, 1392)      │         322,944 │ block6f_add[0][0]          │
├───────────────────────────────┼───────────────────────────┼─────────────────┼────────────────────────────┤
│ block7a_expand_bn             │ (None, 10, 10, 1392)      │           5,568 │ block7a_expand_conv[0][0]  │
│ (BatchNormalization)          │                           │                 │                            │
├───────────────────────────────┼───────────────────────────┼─────────────────┼────────────────────────────┤
│ block7a_expand_activation     │ (None, 10, 10, 1392)      │               0 │ block7a_expand_bn[0][0]    │
│ (Activation)                  │                           │                 │                            │
├───────────────────────────────┼───────────────────────────┼─────────────────┼────────────────────────────┤
│ block7a_dwconv                │ (None, 10, 10, 1392)      │          12,528 │ block7a_expand_activation… │
│ (DepthwiseConv2D)             │                           │                 │                            │
├───────────────────────────────┼───────────────────────────┼─────────────────┼────────────────────────────┤
│ block7a_bn                    │ (None, 10, 10, 1392)      │           5,568 │ block7a_dwconv[0][0]       │
│ (BatchNormalization)          │                           │                 │                            │
├───────────────────────────────┼───────────────────────────┼─────────────────┼────────────────────────────┤
│ block7a_activation            │ (None, 10, 10, 1392)      │               0 │ block7a_bn[0][0]           │
│ (Activation)                  │                           │                 │                            │
├───────────────────────────────┼───────────────────────────┼─────────────────┼────────────────────────────┤
│ block7a_se_squeeze            │ (None, 1392)              │               0 │ block7a_activation[0][0]   │
│ (GlobalAveragePooling2D)      │                           │                 │                            │
├───────────────────────────────┼───────────────────────────┼─────────────────┼────────────────────────────┤
│ block7a_se_reshape (Reshape)  │ (None, 1, 1, 1392)        │               0 │ block7a_se_squeeze[0][0]   │
├───────────────────────────────┼───────────────────────────┼─────────────────┼────────────────────────────┤
│ block7a_se_reduce (Conv2D)    │ (None, 1, 1, 58)          │          80,794 │ block7a_se_reshape[0][0]   │
├───────────────────────────────┼───────────────────────────┼─────────────────┼────────────────────────────┤
│ block7a_se_expand (Conv2D)    │ (None, 1, 1, 1392)        │          82,128 │ block7a_se_reduce[0][0]    │
├───────────────────────────────┼───────────────────────────┼─────────────────┼────────────────────────────┤
│ block7a_se_excite (Multiply)  │ (None, 10, 10, 1392)      │               0 │ block7a_activation[0][0],  │
│                               │                           │                 │ block7a_se_expand[0][0]    │
├───────────────────────────────┼───────────────────────────┼─────────────────┼────────────────────────────┤
│ block7a_project_conv (Conv2D) │ (None, 10, 10, 384)       │         534,528 │ block7a_se_excite[0][0]    │
├───────────────────────────────┼───────────────────────────┼─────────────────┼────────────────────────────┤
│ block7a_project_bn            │ (None, 10, 10, 384)       │           1,536 │ block7a_project_conv[0][0] │
│ (BatchNormalization)          │                           │                 │                            │
├───────────────────────────────┼───────────────────────────┼─────────────────┼────────────────────────────┤
│ block7b_expand_conv (Conv2D)  │ (None, 10, 10, 2304)      │         884,736 │ block7a_project_bn[0][0]   │
├───────────────────────────────┼───────────────────────────┼─────────────────┼────────────────────────────┤
│ block7b_expand_bn             │ (None, 10, 10, 2304)      │           9,216 │ block7b_expand_conv[0][0]  │
│ (BatchNormalization)          │                           │                 │                            │
├───────────────────────────────┼───────────────────────────┼─────────────────┼────────────────────────────┤
│ block7b_expand_activation     │ (None, 10, 10, 2304)      │               0 │ block7b_expand_bn[0][0]    │
│ (Activation)                  │                           │                 │                            │
├───────────────────────────────┼───────────────────────────┼─────────────────┼────────────────────────────┤
│ block7b_dwconv                │ (None, 10, 10, 2304)      │          20,736 │ block7b_expand_activation… │
│ (DepthwiseConv2D)             │                           │                 │                            │
├───────────────────────────────┼───────────────────────────┼─────────────────┼────────────────────────────┤
│ block7b_bn                    │ (None, 10, 10, 2304)      │           9,216 │ block7b_dwconv[0][0]       │
│ (BatchNormalization)          │                           │                 │                            │
├───────────────────────────────┼───────────────────────────┼─────────────────┼────────────────────────────┤
│ block7b_activation            │ (None, 10, 10, 2304)      │               0 │ block7b_bn[0][0]           │
│ (Activation)                  │                           │                 │                            │
├───────────────────────────────┼───────────────────────────┼─────────────────┼────────────────────────────┤
│ block7b_se_squeeze            │ (None, 2304)              │               0 │ block7b_activation[0][0]   │
│ (GlobalAveragePooling2D)      │                           │                 │                            │
├───────────────────────────────┼───────────────────────────┼─────────────────┼────────────────────────────┤
│ block7b_se_reshape (Reshape)  │ (None, 1, 1, 2304)        │               0 │ block7b_se_squeeze[0][0]   │
├───────────────────────────────┼───────────────────────────┼─────────────────┼────────────────────────────┤
│ block7b_se_reduce (Conv2D)    │ (None, 1, 1, 96)          │         221,280 │ block7b_se_reshape[0][0]   │
├───────────────────────────────┼───────────────────────────┼─────────────────┼────────────────────────────┤
│ block7b_se_expand (Conv2D)    │ (None, 1, 1, 2304)        │         223,488 │ block7b_se_reduce[0][0]    │
├───────────────────────────────┼───────────────────────────┼─────────────────┼────────────────────────────┤
│ block7b_se_excite (Multiply)  │ (None, 10, 10, 2304)      │               0 │ block7b_activation[0][0],  │
│                               │                           │                 │ block7b_se_expand[0][0]    │
├───────────────────────────────┼───────────────────────────┼─────────────────┼────────────────────────────┤
│ block7b_project_conv (Conv2D) │ (None, 10, 10, 384)       │         884,736 │ block7b_se_excite[0][0]    │
├───────────────────────────────┼───────────────────────────┼─────────────────┼────────────────────────────┤
│ block7b_project_bn            │ (None, 10, 10, 384)       │           1,536 │ block7b_project_conv[0][0] │
│ (BatchNormalization)          │                           │                 │                            │
├───────────────────────────────┼───────────────────────────┼─────────────────┼────────────────────────────┤
│ block7b_drop (Dropout)        │ (None, 10, 10, 384)       │               0 │ block7b_project_bn[0][0]   │
├───────────────────────────────┼───────────────────────────┼─────────────────┼────────────────────────────┤
│ block7b_add (Add)             │ (None, 10, 10, 384)       │               0 │ block7b_drop[0][0],        │
│                               │                           │                 │ block7a_project_bn[0][0]   │
├───────────────────────────────┼───────────────────────────┼─────────────────┼────────────────────────────┤
│ top_conv (Conv2D)             │ (None, 10, 10, 1536)      │         589,824 │ block7b_add[0][0]          │
├───────────────────────────────┼───────────────────────────┼─────────────────┼────────────────────────────┤
│ top_bn (BatchNormalization)   │ (None, 10, 10, 1536)      │           6,144 │ top_conv[0][0]             │
├───────────────────────────────┼───────────────────────────┼─────────────────┼────────────────────────────┤
│ top_activation (Activation)   │ (None, 10, 10, 1536)      │               0 │ top_bn[0][0]               │
├───────────────────────────────┼───────────────────────────┼─────────────────┼────────────────────────────┤
│ global_average_pooling2d      │ (None, 1536)              │               0 │ top_activation[0][0]       │
│ (GlobalAveragePooling2D)      │                           │                 │                            │
├───────────────────────────────┼───────────────────────────┼─────────────────┼────────────────────────────┤
│ dropout (Dropout)             │ (None, 1536)              │               0 │ global_average_pooling2d[… │
├───────────────────────────────┼───────────────────────────┼─────────────────┼────────────────────────────┤
│ dense (Dense)                 │ (None, 128)               │         196,736 │ dropout[0][0]              │
├───────────────────────────────┼───────────────────────────┼─────────────────┼────────────────────────────┤
│ dropout_1 (Dropout)           │ (None, 128)               │               0 │ dense[0][0]                │
├───────────────────────────────┼───────────────────────────┼─────────────────┼────────────────────────────┤
│ dense_1 (Dense)               │ (None, 9)                 │           1,161 │ dropout_1[0][0]            │
└───────────────────────────────┴───────────────────────────┴─────────────────┴────────────────────────────┘
 Total params: 10,981,432 (41.89 MB)
 Trainable params: 197,897 (773.04 KB)
 Non-trainable params: 10,783,535 (41.14 MB)
✅ Callbacks configurados

============================================================
🎯 FASE 1: ENTRENANDO CABEZA DE CLASIFICACIÓN
============================================================
Epoch 1/20

Epoch 1: val_accuracy improved from None to 0.76430, saving model to ./Estudios/Modelo/mejor_Effectivenetb3_combinacion2_augmentation_fase1.keras

Epoch 1: finished saving model to ./Estudios/Modelo/mejor_Effectivenetb3_combinacion2_augmentation_fase1.keras
19403/19403 - 16367s - 844ms/step - accuracy: 0.7638 - loss: 0.5963 - val_accuracy: 0.7643 - val_loss: 2.0408 - learning_rate: 0.0010
Epoch 2/20

Epoch 2: val_accuracy improved from 0.76430 to 0.77636, saving model to ./Estudios/Modelo/mejor_Effectivenetb3_combinacion2_augmentation_fase1.keras

Epoch 2: finished saving model to ./Estudios/Modelo/mejor_Effectivenetb3_combinacion2_augmentation_fase1.keras
19403/19403 - 9147s - 471ms/step - accuracy: 0.8069 - loss: 0.4786 - val_accuracy: 0.7764 - val_loss: 1.9963 - learning_rate: 0.0010
Epoch 3/20

Epoch 3: val_accuracy did not improve from 0.77636
19403/19403 - 19196s - 989ms/step - accuracy: 0.8189 - loss: 0.4478 - val_accuracy: 0.7752 - val_loss: 2.1217 - learning_rate: 0.0010
Epoch 4/20

Epoch 4: val_accuracy did not improve from 0.77636
19403/19403 - 9811s - 506ms/step - accuracy: 0.8256 - loss: 0.4296 - val_accuracy: 0.7744 - val_loss: 2.2346 - learning_rate: 0.0010
Epoch 5/20

Epoch 5: val_accuracy improved from 0.77636 to 0.79032, saving model to ./Estudios/Modelo/mejor_Effectivenetb3_combinacion2_augmentation_fase1.keras

Epoch 5: finished saving model to ./Estudios/Modelo/mejor_Effectivenetb3_combinacion2_augmentation_fase1.keras

Epoch 5: ReduceLROnPlateau reducing learning rate to 0.00020000000949949026.
19403/19403 - 9042s - 466ms/step - accuracy: 0.8301 - loss: 0.4211 - val_accuracy: 0.7903 - val_loss: 2.1327 - learning_rate: 0.0010
Epoch 6/20

Epoch 6: val_accuracy improved from 0.79032 to 0.79085, saving model to ./Estudios/Modelo/mejor_Effectivenetb3_combinacion2_augmentation_fase1.keras

Epoch 6: finished saving model to ./Estudios/Modelo/mejor_Effectivenetb3_combinacion2_augmentation_fase1.keras
19403/19403 - 9065s - 467ms/step - accuracy: 0.8440 - loss: 0.3774 - val_accuracy: 0.7908 - val_loss: 2.1975 - learning_rate: 2.0000e-04
Epoch 7/20

Epoch 7: val_accuracy improved from 0.79085 to 0.79139, saving model to ./Estudios/Modelo/mejor_Effectivenetb3_combinacion2_augmentation_fase1.keras

Epoch 7: finished saving model to ./Estudios/Modelo/mejor_Effectivenetb3_combinacion2_augmentation_fase1.keras
19403/19403 - 9044s - 466ms/step - accuracy: 0.8470 - loss: 0.3679 - val_accuracy: 0.7914 - val_loss: 2.1351 - learning_rate: 2.0000e-04
Epoch 8/20

Epoch 8: val_accuracy improved from 0.79139 to 0.79212, saving model to ./Estudios/Modelo/mejor_Effectivenetb3_combinacion2_augmentation_fase1.keras

Epoch 8: finished saving model to ./Estudios/Modelo/mejor_Effectivenetb3_combinacion2_augmentation_fase1.keras

Epoch 8: ReduceLROnPlateau reducing learning rate to 4.0000001899898055e-05.
19403/19403 - 11748s - 605ms/step - accuracy: 0.8484 - loss: 0.3631 - val_accuracy: 0.7921 - val_loss: 2.0925 - learning_rate: 2.0000e-04
Epoch 9/20

Epoch 9: val_accuracy improved from 0.79212 to 0.79264, saving model to ./Estudios/Modelo/mejor_Effectivenetb3_combinacion2_augmentation_fase1.keras

Epoch 9: finished saving model to ./Estudios/Modelo/mejor_Effectivenetb3_combinacion2_augmentation_fase1.keras
19403/19403 - 9364s - 483ms/step - accuracy: 0.8516 - loss: 0.3562 - val_accuracy: 0.7926 - val_loss: 2.1380 - learning_rate: 4.0000e-05
Epoch 10/20

Epoch 10: val_accuracy improved from 0.79264 to 0.79268, saving model to ./Estudios/Modelo/mejor_Effectivenetb3_combinacion2_augmentation_fase1.keras

Epoch 10: finished saving model to ./Estudios/Modelo/mejor_Effectivenetb3_combinacion2_augmentation_fase1.keras
19403/19403 - 9336s - 481ms/step - accuracy: 0.8520 - loss: 0.3542 - val_accuracy: 0.7927 - val_loss: 2.1495 - learning_rate: 4.0000e-05
Epoch 11/20

Epoch 11: val_accuracy improved from 0.79268 to 0.79324, saving model to ./Estudios/Modelo/mejor_Effectivenetb3_combinacion2_augmentation_fase1.keras

Epoch 11: finished saving model to ./Estudios/Modelo/mejor_Effectivenetb3_combinacion2_augmentation_fase1.keras

Epoch 11: ReduceLROnPlateau reducing learning rate to 8.000000525498762e-06.
19403/19403 - 9268s - 478ms/step - accuracy: 0.8527 - loss: 0.3531 - val_accuracy: 0.7932 - val_loss: 2.1635 - learning_rate: 4.0000e-05
Epoch 12/20

Epoch 12: val_accuracy did not improve from 0.79324
19403/19403 - 56916s - 3s/step - accuracy: 0.8529 - loss: 0.3514 - val_accuracy: 0.7923 - val_loss: 2.1472 - learning_rate: 8.0000e-06
Epoch 13/20

Epoch 13: val_accuracy did not improve from 0.79324
19403/19403 - 9835s - 507ms/step - accuracy: 0.8526 - loss: 0.3498 - val_accuracy: 0.7929 - val_loss: 2.1298 - learning_rate: 8.0000e-06
Epoch 14/20

Epoch 14: val_accuracy did not improve from 0.79324

Epoch 14: ReduceLROnPlateau reducing learning rate to 1.6000001778593287e-06.
19403/19403 - 9431s - 486ms/step - accuracy: 0.8531 - loss: 0.3511 - val_accuracy: 0.7928 - val_loss: 2.1369 - learning_rate: 8.0000e-06
Epoch 15/20

Epoch 15: val_accuracy did not improve from 0.79324
19403/19403 - 9303s - 479ms/step - accuracy: 0.8536 - loss: 0.3504 - val_accuracy: 0.7926 - val_loss: 2.1388 - learning_rate: 1.6000e-06
Epoch 16/20

Epoch 16: val_accuracy did not improve from 0.79324
19403/19403 - 9500s - 490ms/step - accuracy: 0.8534 - loss: 0.3515 - val_accuracy: 0.7927 - val_loss: 2.1376 - learning_rate: 1.6000e-06
Epoch 16: early stopping
Restoring model weights from the end of the best epoch: 11.

✅ Fase 1 completada en 3606.22 minutos

============================================================
🎯 FASE 2: FINE-TUNING (últimas 40 capas)
============================================================
Epoch 1/15

Epoch 1: val_accuracy improved from None to 0.79270, saving model to ./Estudios/Modelo/mejor_Effectivenetb3_combinacion2_augmentation_fase2.keras

Epoch 1: finished saving model to ./Estudios/Modelo/mejor_Effectivenetb3_combinacion2_augmentation_fase2.keras
19403/19403 - 9759s - 503ms/step - accuracy: 0.8523 - loss: 0.3521 - val_accuracy: 0.7927 - val_loss: 2.1239 - learning_rate: 1.0000e-05
Epoch 2/15

Epoch 2: val_accuracy improved from 0.79270 to 0.79298, saving model to ./Estudios/Modelo/mejor_Effectivenetb3_combinacion2_augmentation_fase2.keras

Epoch 2: finished saving model to ./Estudios/Modelo/mejor_Effectivenetb3_combinacion2_augmentation_fase2.keras
19403/19403 - 9642s - 497ms/step - accuracy: 0.8531 - loss: 0.3498 - val_accuracy: 0.7930 - val_loss: 2.1344 - learning_rate: 1.0000e-05
Epoch 3/15

Epoch 3: val_accuracy did not improve from 0.79298
19403/19403 - 9662s - 498ms/step - accuracy: 0.8529 - loss: 0.3499 - val_accuracy: 0.7928 - val_loss: 2.1165 - learning_rate: 1.0000e-05
Epoch 4/15

Epoch 4: val_accuracy improved from 0.79298 to 0.79299, saving model to ./Estudios/Modelo/mejor_Effectivenetb3_combinacion2_augmentation_fase2.keras

Epoch 4: finished saving model to ./Estudios/Modelo/mejor_Effectivenetb3_combinacion2_augmentation_fase2.keras
19403/19403 - 9684s - 499ms/step - accuracy: 0.8531 - loss: 0.3495 - val_accuracy: 0.7930 - val_loss: 2.1191 - learning_rate: 1.0000e-05
Epoch 5/15

Epoch 5: val_accuracy improved from 0.79299 to 0.79316, saving model to ./Estudios/Modelo/mejor_Effectivenetb3_combinacion2_augmentation_fase2.keras

Epoch 5: finished saving model to ./Estudios/Modelo/mejor_Effectivenetb3_combinacion2_augmentation_fase2.keras

Epoch 5: ReduceLROnPlateau reducing learning rate to 1.9999999494757505e-06.
19403/19403 - 9650s - 497ms/step - accuracy: 0.8533 - loss: 0.3500 - val_accuracy: 0.7932 - val_loss: 2.1296 - learning_rate: 1.0000e-05
Epoch 6/15

Epoch 6: val_accuracy did not improve from 0.79316
19403/19403 - 9678s - 499ms/step - accuracy: 0.8534 - loss: 0.3526 - val_accuracy: 0.7929 - val_loss: 2.1298 - learning_rate: 2.0000e-06
Epoch 7/15

Epoch 7: val_accuracy did not improve from 0.79316

Epoch 7: ReduceLROnPlateau reducing learning rate to 3.999999989900971e-07.
19403/19403 - 9442s - 487ms/step - accuracy: 0.8536 - loss: 0.3486 - val_accuracy: 0.7930 - val_loss: 2.1291 - learning_rate: 2.0000e-06
Epoch 8/15

Epoch 8: val_accuracy did not improve from 0.79316
19403/19403 - 9329s - 481ms/step - accuracy: 0.8540 - loss: 0.3484 - val_accuracy: 0.7929 - val_loss: 2.1284 - learning_rate: 4.0000e-07
Epoch 9/15

Epoch 9: val_accuracy did not improve from 0.79316

Epoch 9: ReduceLROnPlateau reducing learning rate to 8.00000009348878e-08.
19403/19403 - 9582s - 494ms/step - accuracy: 0.8533 - loss: 0.3519 - val_accuracy: 0.7928 - val_loss: 2.1282 - learning_rate: 4.0000e-07
Epoch 9: early stopping
Restoring model weights from the end of the best epoch: 5.

✅ Fase 2 completada en 1440.47 minutos
Job finalizado: Thu Apr 16 01:06:28 AM CEST 2026
