🚀 Iniciando job: 2509
📅 Fecha: Tue Jun  2 12:16:54 PM CEST 2026
🖥️  Nodo: afrodita
🎮 GPU: NVIDIA A40
NVIDIA A40
GPUs disponibles: [PhysicalDevice(name='/physical_device:GPU:0', device_type='GPU')]
Configuración lista
Found 1379716 files belonging to 10 classes.
Using 1241745 files for training.
Found 1379716 files belonging to 10 classes.
Using 137971 files for validation.

Datasets listos 🚀

Resumen del modelo:
Model: "functional"
┏━━━━━━━━━━━━━━━━━━━━━┳━━━━━━━━━━━━━━━━━━━┳━━━━━━━━━━━━┳━━━━━━━━━━━━━━━━━━━┓
┃ Layer (type)        ┃ Output Shape      ┃    Param # ┃ Connected to      ┃
┡━━━━━━━━━━━━━━━━━━━━━╇━━━━━━━━━━━━━━━━━━━╇━━━━━━━━━━━━╇━━━━━━━━━━━━━━━━━━━┩
│ input_layer         │ (None, 300, 300,  │          0 │ -                 │
│ (InputLayer)        │ 3)                │            │                   │
├─────────────────────┼───────────────────┼────────────┼───────────────────┤
│ rescaling           │ (None, 300, 300,  │          0 │ input_layer[0][0] │
│ (Rescaling)         │ 3)                │            │                   │
├─────────────────────┼───────────────────┼────────────┼───────────────────┤
│ normalization       │ (None, 300, 300,  │          7 │ rescaling[0][0]   │
│ (Normalization)     │ 3)                │            │                   │
├─────────────────────┼───────────────────┼────────────┼───────────────────┤
│ rescaling_1         │ (None, 300, 300,  │          0 │ normalization[0]… │
│ (Rescaling)         │ 3)                │            │                   │
├─────────────────────┼───────────────────┼────────────┼───────────────────┤
│ stem_conv_pad       │ (None, 301, 301,  │          0 │ rescaling_1[0][0] │
│ (ZeroPadding2D)     │ 3)                │            │                   │
├─────────────────────┼───────────────────┼────────────┼───────────────────┤
│ stem_conv (Conv2D)  │ (None, 150, 150,  │      1,080 │ stem_conv_pad[0]… │
│                     │ 40)               │            │                   │
├─────────────────────┼───────────────────┼────────────┼───────────────────┤
│ stem_bn             │ (None, 150, 150,  │        160 │ stem_conv[0][0]   │
│ (BatchNormalizatio… │ 40)               │            │                   │
├─────────────────────┼───────────────────┼────────────┼───────────────────┤
│ stem_activation     │ (None, 150, 150,  │          0 │ stem_bn[0][0]     │
│ (Activation)        │ 40)               │            │                   │
├─────────────────────┼───────────────────┼────────────┼───────────────────┤
│ block1a_dwconv      │ (None, 150, 150,  │        360 │ stem_activation[… │
│ (DepthwiseConv2D)   │ 40)               │            │                   │
├─────────────────────┼───────────────────┼────────────┼───────────────────┤
│ block1a_bn          │ (None, 150, 150,  │        160 │ block1a_dwconv[0… │
│ (BatchNormalizatio… │ 40)               │            │                   │
├─────────────────────┼───────────────────┼────────────┼───────────────────┤
│ block1a_activation  │ (None, 150, 150,  │          0 │ block1a_bn[0][0]  │
│ (Activation)        │ 40)               │            │                   │
├─────────────────────┼───────────────────┼────────────┼───────────────────┤
│ block1a_se_squeeze  │ (None, 40)        │          0 │ block1a_activati… │
│ (GlobalAveragePool… │                   │            │                   │
├─────────────────────┼───────────────────┼────────────┼───────────────────┤
│ block1a_se_reshape  │ (None, 1, 1, 40)  │          0 │ block1a_se_squee… │
│ (Reshape)           │                   │            │                   │
├─────────────────────┼───────────────────┼────────────┼───────────────────┤
│ block1a_se_reduce   │ (None, 1, 1, 10)  │        410 │ block1a_se_resha… │
│ (Conv2D)            │                   │            │                   │
├─────────────────────┼───────────────────┼────────────┼───────────────────┤
│ block1a_se_expand   │ (None, 1, 1, 40)  │        440 │ block1a_se_reduc… │
│ (Conv2D)            │                   │            │                   │
├─────────────────────┼───────────────────┼────────────┼───────────────────┤
│ block1a_se_excite   │ (None, 150, 150,  │          0 │ block1a_activati… │
│ (Multiply)          │ 40)               │            │ block1a_se_expan… │
├─────────────────────┼───────────────────┼────────────┼───────────────────┤
│ block1a_project_co… │ (None, 150, 150,  │        960 │ block1a_se_excit… │
│ (Conv2D)            │ 24)               │            │                   │
├─────────────────────┼───────────────────┼────────────┼───────────────────┤
│ block1a_project_bn  │ (None, 150, 150,  │         96 │ block1a_project_… │
│ (BatchNormalizatio… │ 24)               │            │                   │
├─────────────────────┼───────────────────┼────────────┼───────────────────┤
│ block1b_dwconv      │ (None, 150, 150,  │        216 │ block1a_project_… │
│ (DepthwiseConv2D)   │ 24)               │            │                   │
├─────────────────────┼───────────────────┼────────────┼───────────────────┤
│ block1b_bn          │ (None, 150, 150,  │         96 │ block1b_dwconv[0… │
│ (BatchNormalizatio… │ 24)               │            │                   │
├─────────────────────┼───────────────────┼────────────┼───────────────────┤
│ block1b_activation  │ (None, 150, 150,  │          0 │ block1b_bn[0][0]  │
│ (Activation)        │ 24)               │            │                   │
├─────────────────────┼───────────────────┼────────────┼───────────────────┤
│ block1b_se_squeeze  │ (None, 24)        │          0 │ block1b_activati… │
│ (GlobalAveragePool… │                   │            │                   │
├─────────────────────┼───────────────────┼────────────┼───────────────────┤
│ block1b_se_reshape  │ (None, 1, 1, 24)  │          0 │ block1b_se_squee… │
│ (Reshape)           │                   │            │                   │
├─────────────────────┼───────────────────┼────────────┼───────────────────┤
│ block1b_se_reduce   │ (None, 1, 1, 6)   │        150 │ block1b_se_resha… │
│ (Conv2D)            │                   │            │                   │
├─────────────────────┼───────────────────┼────────────┼───────────────────┤
│ block1b_se_expand   │ (None, 1, 1, 24)  │        168 │ block1b_se_reduc… │
│ (Conv2D)            │                   │            │                   │
├─────────────────────┼───────────────────┼────────────┼───────────────────┤
│ block1b_se_excite   │ (None, 150, 150,  │          0 │ block1b_activati… │
│ (Multiply)          │ 24)               │            │ block1b_se_expan… │
├─────────────────────┼───────────────────┼────────────┼───────────────────┤
│ block1b_project_co… │ (None, 150, 150,  │        576 │ block1b_se_excit… │
│ (Conv2D)            │ 24)               │            │                   │
├─────────────────────┼───────────────────┼────────────┼───────────────────┤
│ block1b_project_bn  │ (None, 150, 150,  │         96 │ block1b_project_… │
│ (BatchNormalizatio… │ 24)               │            │                   │
├─────────────────────┼───────────────────┼────────────┼───────────────────┤
│ block1b_drop        │ (None, 150, 150,  │          0 │ block1b_project_… │
│ (Dropout)           │ 24)               │            │                   │
├─────────────────────┼───────────────────┼────────────┼───────────────────┤
│ block1b_add (Add)   │ (None, 150, 150,  │          0 │ block1b_drop[0][… │
│                     │ 24)               │            │ block1a_project_… │
├─────────────────────┼───────────────────┼────────────┼───────────────────┤
│ block2a_expand_conv │ (None, 150, 150,  │      3,456 │ block1b_add[0][0] │
│ (Conv2D)            │ 144)              │            │                   │
├─────────────────────┼───────────────────┼────────────┼───────────────────┤
│ block2a_expand_bn   │ (None, 150, 150,  │        576 │ block2a_expand_c… │
│ (BatchNormalizatio… │ 144)              │            │                   │
├─────────────────────┼───────────────────┼────────────┼───────────────────┤
│ block2a_expand_act… │ (None, 150, 150,  │          0 │ block2a_expand_b… │
│ (Activation)        │ 144)              │            │                   │
├─────────────────────┼───────────────────┼────────────┼───────────────────┤
│ block2a_dwconv_pad  │ (None, 151, 151,  │          0 │ block2a_expand_a… │
│ (ZeroPadding2D)     │ 144)              │            │                   │
├─────────────────────┼───────────────────┼────────────┼───────────────────┤
│ block2a_dwconv      │ (None, 75, 75,    │      1,296 │ block2a_dwconv_p… │
│ (DepthwiseConv2D)   │ 144)              │            │                   │
├─────────────────────┼───────────────────┼────────────┼───────────────────┤
│ block2a_bn          │ (None, 75, 75,    │        576 │ block2a_dwconv[0… │
│ (BatchNormalizatio… │ 144)              │            │                   │
├─────────────────────┼───────────────────┼────────────┼───────────────────┤
│ block2a_activation  │ (None, 75, 75,    │          0 │ block2a_bn[0][0]  │
│ (Activation)        │ 144)              │            │                   │
├─────────────────────┼───────────────────┼────────────┼───────────────────┤
│ block2a_se_squeeze  │ (None, 144)       │          0 │ block2a_activati… │
│ (GlobalAveragePool… │                   │            │                   │
├─────────────────────┼───────────────────┼────────────┼───────────────────┤
│ block2a_se_reshape  │ (None, 1, 1, 144) │          0 │ block2a_se_squee… │
│ (Reshape)           │                   │            │                   │
├─────────────────────┼───────────────────┼────────────┼───────────────────┤
│ block2a_se_reduce   │ (None, 1, 1, 6)   │        870 │ block2a_se_resha… │
│ (Conv2D)            │                   │            │                   │
├─────────────────────┼───────────────────┼────────────┼───────────────────┤
│ block2a_se_expand   │ (None, 1, 1, 144) │      1,008 │ block2a_se_reduc… │
│ (Conv2D)            │                   │            │                   │
├─────────────────────┼───────────────────┼────────────┼───────────────────┤
│ block2a_se_excite   │ (None, 75, 75,    │          0 │ block2a_activati… │
│ (Multiply)          │ 144)              │            │ block2a_se_expan… │
├─────────────────────┼───────────────────┼────────────┼───────────────────┤
│ block2a_project_co… │ (None, 75, 75,    │      4,608 │ block2a_se_excit… │
│ (Conv2D)            │ 32)               │            │                   │
├─────────────────────┼───────────────────┼────────────┼───────────────────┤
│ block2a_project_bn  │ (None, 75, 75,    │        128 │ block2a_project_… │
│ (BatchNormalizatio… │ 32)               │            │                   │
├─────────────────────┼───────────────────┼────────────┼───────────────────┤
│ block2b_expand_conv │ (None, 75, 75,    │      6,144 │ block2a_project_… │
│ (Conv2D)            │ 192)              │            │                   │
├─────────────────────┼───────────────────┼────────────┼───────────────────┤
│ block2b_expand_bn   │ (None, 75, 75,    │        768 │ block2b_expand_c… │
│ (BatchNormalizatio… │ 192)              │            │                   │
├─────────────────────┼───────────────────┼────────────┼───────────────────┤
│ block2b_expand_act… │ (None, 75, 75,    │          0 │ block2b_expand_b… │
│ (Activation)        │ 192)              │            │                   │
├─────────────────────┼───────────────────┼────────────┼───────────────────┤
│ block2b_dwconv      │ (None, 75, 75,    │      1,728 │ block2b_expand_a… │
│ (DepthwiseConv2D)   │ 192)              │            │                   │
├─────────────────────┼───────────────────┼────────────┼───────────────────┤
│ block2b_bn          │ (None, 75, 75,    │        768 │ block2b_dwconv[0… │
│ (BatchNormalizatio… │ 192)              │            │                   │
├─────────────────────┼───────────────────┼────────────┼───────────────────┤
│ block2b_activation  │ (None, 75, 75,    │          0 │ block2b_bn[0][0]  │
│ (Activation)        │ 192)              │            │                   │
├─────────────────────┼───────────────────┼────────────┼───────────────────┤
│ block2b_se_squeeze  │ (None, 192)       │          0 │ block2b_activati… │
│ (GlobalAveragePool… │                   │            │                   │
├─────────────────────┼───────────────────┼────────────┼───────────────────┤
│ block2b_se_reshape  │ (None, 1, 1, 192) │          0 │ block2b_se_squee… │
│ (Reshape)           │                   │            │                   │
├─────────────────────┼───────────────────┼────────────┼───────────────────┤
│ block2b_se_reduce   │ (None, 1, 1, 8)   │      1,544 │ block2b_se_resha… │
│ (Conv2D)            │                   │            │                   │
├─────────────────────┼───────────────────┼────────────┼───────────────────┤
│ block2b_se_expand   │ (None, 1, 1, 192) │      1,728 │ block2b_se_reduc… │
│ (Conv2D)            │                   │            │                   │
├─────────────────────┼───────────────────┼────────────┼───────────────────┤
│ block2b_se_excite   │ (None, 75, 75,    │          0 │ block2b_activati… │
│ (Multiply)          │ 192)              │            │ block2b_se_expan… │
├─────────────────────┼───────────────────┼────────────┼───────────────────┤
│ block2b_project_co… │ (None, 75, 75,    │      6,144 │ block2b_se_excit… │
│ (Conv2D)            │ 32)               │            │                   │
├─────────────────────┼───────────────────┼────────────┼───────────────────┤
│ block2b_project_bn  │ (None, 75, 75,    │        128 │ block2b_project_… │
│ (BatchNormalizatio… │ 32)               │            │                   │
├─────────────────────┼───────────────────┼────────────┼───────────────────┤
│ block2b_drop        │ (None, 75, 75,    │          0 │ block2b_project_… │
│ (Dropout)           │ 32)               │            │                   │
├─────────────────────┼───────────────────┼────────────┼───────────────────┤
│ block2b_add (Add)   │ (None, 75, 75,    │          0 │ block2b_drop[0][… │
│                     │ 32)               │            │ block2a_project_… │
├─────────────────────┼───────────────────┼────────────┼───────────────────┤
│ block2c_expand_conv │ (None, 75, 75,    │      6,144 │ block2b_add[0][0] │
│ (Conv2D)            │ 192)              │            │                   │
├─────────────────────┼───────────────────┼────────────┼───────────────────┤
│ block2c_expand_bn   │ (None, 75, 75,    │        768 │ block2c_expand_c… │
│ (BatchNormalizatio… │ 192)              │            │                   │
├─────────────────────┼───────────────────┼────────────┼───────────────────┤
│ block2c_expand_act… │ (None, 75, 75,    │          0 │ block2c_expand_b… │
│ (Activation)        │ 192)              │            │                   │
├─────────────────────┼───────────────────┼────────────┼───────────────────┤
│ block2c_dwconv      │ (None, 75, 75,    │      1,728 │ block2c_expand_a… │
│ (DepthwiseConv2D)   │ 192)              │            │                   │
├─────────────────────┼───────────────────┼────────────┼───────────────────┤
│ block2c_bn          │ (None, 75, 75,    │        768 │ block2c_dwconv[0… │
│ (BatchNormalizatio… │ 192)              │            │                   │
├─────────────────────┼───────────────────┼────────────┼───────────────────┤
│ block2c_activation  │ (None, 75, 75,    │          0 │ block2c_bn[0][0]  │
│ (Activation)        │ 192)              │            │                   │
├─────────────────────┼───────────────────┼────────────┼───────────────────┤
│ block2c_se_squeeze  │ (None, 192)       │          0 │ block2c_activati… │
│ (GlobalAveragePool… │                   │            │                   │
├─────────────────────┼───────────────────┼────────────┼───────────────────┤
│ block2c_se_reshape  │ (None, 1, 1, 192) │          0 │ block2c_se_squee… │
│ (Reshape)           │                   │            │                   │
├─────────────────────┼───────────────────┼────────────┼───────────────────┤
│ block2c_se_reduce   │ (None, 1, 1, 8)   │      1,544 │ block2c_se_resha… │
│ (Conv2D)            │                   │            │                   │
├─────────────────────┼───────────────────┼────────────┼───────────────────┤
│ block2c_se_expand   │ (None, 1, 1, 192) │      1,728 │ block2c_se_reduc… │
│ (Conv2D)            │                   │            │                   │
├─────────────────────┼───────────────────┼────────────┼───────────────────┤
│ block2c_se_excite   │ (None, 75, 75,    │          0 │ block2c_activati… │
│ (Multiply)          │ 192)              │            │ block2c_se_expan… │
├─────────────────────┼───────────────────┼────────────┼───────────────────┤
│ block2c_project_co… │ (None, 75, 75,    │      6,144 │ block2c_se_excit… │
│ (Conv2D)            │ 32)               │            │                   │
├─────────────────────┼───────────────────┼────────────┼───────────────────┤
│ block2c_project_bn  │ (None, 75, 75,    │        128 │ block2c_project_… │
│ (BatchNormalizatio… │ 32)               │            │                   │
├─────────────────────┼───────────────────┼────────────┼───────────────────┤
│ block2c_drop        │ (None, 75, 75,    │          0 │ block2c_project_… │
│ (Dropout)           │ 32)               │            │                   │
├─────────────────────┼───────────────────┼────────────┼───────────────────┤
│ block2c_add (Add)   │ (None, 75, 75,    │          0 │ block2c_drop[0][… │
│                     │ 32)               │            │ block2b_add[0][0] │
├─────────────────────┼───────────────────┼────────────┼───────────────────┤
│ block3a_expand_conv │ (None, 75, 75,    │      6,144 │ block2c_add[0][0] │
│ (Conv2D)            │ 192)              │            │                   │
├─────────────────────┼───────────────────┼────────────┼───────────────────┤
│ block3a_expand_bn   │ (None, 75, 75,    │        768 │ block3a_expand_c… │
│ (BatchNormalizatio… │ 192)              │            │                   │
├─────────────────────┼───────────────────┼────────────┼───────────────────┤
│ block3a_expand_act… │ (None, 75, 75,    │          0 │ block3a_expand_b… │
│ (Activation)        │ 192)              │            │                   │
├─────────────────────┼───────────────────┼────────────┼───────────────────┤
│ block3a_dwconv_pad  │ (None, 79, 79,    │          0 │ block3a_expand_a… │
│ (ZeroPadding2D)     │ 192)              │            │                   │
├─────────────────────┼───────────────────┼────────────┼───────────────────┤
│ block3a_dwconv      │ (None, 38, 38,    │      4,800 │ block3a_dwconv_p… │
│ (DepthwiseConv2D)   │ 192)              │            │                   │
├─────────────────────┼───────────────────┼────────────┼───────────────────┤
│ block3a_bn          │ (None, 38, 38,    │        768 │ block3a_dwconv[0… │
│ (BatchNormalizatio… │ 192)              │            │                   │
├─────────────────────┼───────────────────┼────────────┼───────────────────┤
│ block3a_activation  │ (None, 38, 38,    │          0 │ block3a_bn[0][0]  │
│ (Activation)        │ 192)              │            │                   │
├─────────────────────┼───────────────────┼────────────┼───────────────────┤
│ block3a_se_squeeze  │ (None, 192)       │          0 │ block3a_activati… │
│ (GlobalAveragePool… │                   │            │                   │
├─────────────────────┼───────────────────┼────────────┼───────────────────┤
│ block3a_se_reshape  │ (None, 1, 1, 192) │          0 │ block3a_se_squee… │
│ (Reshape)           │                   │            │                   │
├─────────────────────┼───────────────────┼────────────┼───────────────────┤
│ block3a_se_reduce   │ (None, 1, 1, 8)   │      1,544 │ block3a_se_resha… │
│ (Conv2D)            │                   │            │                   │
├─────────────────────┼───────────────────┼────────────┼───────────────────┤
│ block3a_se_expand   │ (None, 1, 1, 192) │      1,728 │ block3a_se_reduc… │
│ (Conv2D)            │                   │            │                   │
├─────────────────────┼───────────────────┼────────────┼───────────────────┤
│ block3a_se_excite   │ (None, 38, 38,    │          0 │ block3a_activati… │
│ (Multiply)          │ 192)              │            │ block3a_se_expan… │
├─────────────────────┼───────────────────┼────────────┼───────────────────┤
│ block3a_project_co… │ (None, 38, 38,    │      9,216 │ block3a_se_excit… │
│ (Conv2D)            │ 48)               │            │                   │
├─────────────────────┼───────────────────┼────────────┼───────────────────┤
│ block3a_project_bn  │ (None, 38, 38,    │        192 │ block3a_project_… │
│ (BatchNormalizatio… │ 48)               │            │                   │
├─────────────────────┼───────────────────┼────────────┼───────────────────┤
│ block3b_expand_conv │ (None, 38, 38,    │     13,824 │ block3a_project_… │
│ (Conv2D)            │ 288)              │            │                   │
├─────────────────────┼───────────────────┼────────────┼───────────────────┤
│ block3b_expand_bn   │ (None, 38, 38,    │      1,152 │ block3b_expand_c… │
│ (BatchNormalizatio… │ 288)              │            │                   │
├─────────────────────┼───────────────────┼────────────┼───────────────────┤
│ block3b_expand_act… │ (None, 38, 38,    │          0 │ block3b_expand_b… │
│ (Activation)        │ 288)              │            │                   │
├─────────────────────┼───────────────────┼────────────┼───────────────────┤
│ block3b_dwconv      │ (None, 38, 38,    │      7,200 │ block3b_expand_a… │
│ (DepthwiseConv2D)   │ 288)              │            │                   │
├─────────────────────┼───────────────────┼────────────┼───────────────────┤
│ block3b_bn          │ (None, 38, 38,    │      1,152 │ block3b_dwconv[0… │
│ (BatchNormalizatio… │ 288)              │            │                   │
├─────────────────────┼───────────────────┼────────────┼───────────────────┤
│ block3b_activation  │ (None, 38, 38,    │          0 │ block3b_bn[0][0]  │
│ (Activation)        │ 288)              │            │                   │
├─────────────────────┼───────────────────┼────────────┼───────────────────┤
│ block3b_se_squeeze  │ (None, 288)       │          0 │ block3b_activati… │
│ (GlobalAveragePool… │                   │            │                   │
├─────────────────────┼───────────────────┼────────────┼───────────────────┤
│ block3b_se_reshape  │ (None, 1, 1, 288) │          0 │ block3b_se_squee… │
│ (Reshape)           │                   │            │                   │
├─────────────────────┼───────────────────┼────────────┼───────────────────┤
│ block3b_se_reduce   │ (None, 1, 1, 12)  │      3,468 │ block3b_se_resha… │
│ (Conv2D)            │                   │            │                   │
├─────────────────────┼───────────────────┼────────────┼───────────────────┤
│ block3b_se_expand   │ (None, 1, 1, 288) │      3,744 │ block3b_se_reduc… │
│ (Conv2D)            │                   │            │                   │
├─────────────────────┼───────────────────┼────────────┼───────────────────┤
│ block3b_se_excite   │ (None, 38, 38,    │          0 │ block3b_activati… │
│ (Multiply)          │ 288)              │            │ block3b_se_expan… │
├─────────────────────┼───────────────────┼────────────┼───────────────────┤
│ block3b_project_co… │ (None, 38, 38,    │     13,824 │ block3b_se_excit… │
│ (Conv2D)            │ 48)               │            │                   │
├─────────────────────┼───────────────────┼────────────┼───────────────────┤
│ block3b_project_bn  │ (None, 38, 38,    │        192 │ block3b_project_… │
│ (BatchNormalizatio… │ 48)               │            │                   │
├─────────────────────┼───────────────────┼────────────┼───────────────────┤
│ block3b_drop        │ (None, 38, 38,    │          0 │ block3b_project_… │
│ (Dropout)           │ 48)               │            │                   │
├─────────────────────┼───────────────────┼────────────┼───────────────────┤
│ block3b_add (Add)   │ (None, 38, 38,    │          0 │ block3b_drop[0][… │
│                     │ 48)               │            │ block3a_project_… │
├─────────────────────┼───────────────────┼────────────┼───────────────────┤
│ block3c_expand_conv │ (None, 38, 38,    │     13,824 │ block3b_add[0][0] │
│ (Conv2D)            │ 288)              │            │                   │
├─────────────────────┼───────────────────┼────────────┼───────────────────┤
│ block3c_expand_bn   │ (None, 38, 38,    │      1,152 │ block3c_expand_c… │
│ (BatchNormalizatio… │ 288)              │            │                   │
├─────────────────────┼───────────────────┼────────────┼───────────────────┤
│ block3c_expand_act… │ (None, 38, 38,    │          0 │ block3c_expand_b… │
│ (Activation)        │ 288)              │            │                   │
├─────────────────────┼───────────────────┼────────────┼───────────────────┤
│ block3c_dwconv      │ (None, 38, 38,    │      7,200 │ block3c_expand_a… │
│ (DepthwiseConv2D)   │ 288)              │            │                   │
├─────────────────────┼───────────────────┼────────────┼───────────────────┤
│ block3c_bn          │ (None, 38, 38,    │      1,152 │ block3c_dwconv[0… │
│ (BatchNormalizatio… │ 288)              │            │                   │
├─────────────────────┼───────────────────┼────────────┼───────────────────┤
│ block3c_activation  │ (None, 38, 38,    │          0 │ block3c_bn[0][0]  │
│ (Activation)        │ 288)              │            │                   │
├─────────────────────┼───────────────────┼────────────┼───────────────────┤
│ block3c_se_squeeze  │ (None, 288)       │          0 │ block3c_activati… │
│ (GlobalAveragePool… │                   │            │                   │
├─────────────────────┼───────────────────┼────────────┼───────────────────┤
│ block3c_se_reshape  │ (None, 1, 1, 288) │          0 │ block3c_se_squee… │
│ (Reshape)           │                   │            │                   │
├─────────────────────┼───────────────────┼────────────┼───────────────────┤
│ block3c_se_reduce   │ (None, 1, 1, 12)  │      3,468 │ block3c_se_resha… │
│ (Conv2D)            │                   │            │                   │
├─────────────────────┼───────────────────┼────────────┼───────────────────┤
│ block3c_se_expand   │ (None, 1, 1, 288) │      3,744 │ block3c_se_reduc… │
│ (Conv2D)            │                   │            │                   │
├─────────────────────┼───────────────────┼────────────┼───────────────────┤
│ block3c_se_excite   │ (None, 38, 38,    │          0 │ block3c_activati… │
│ (Multiply)          │ 288)              │            │ block3c_se_expan… │
├─────────────────────┼───────────────────┼────────────┼───────────────────┤
│ block3c_project_co… │ (None, 38, 38,    │     13,824 │ block3c_se_excit… │
│ (Conv2D)            │ 48)               │            │                   │
├─────────────────────┼───────────────────┼────────────┼───────────────────┤
│ block3c_project_bn  │ (None, 38, 38,    │        192 │ block3c_project_… │
│ (BatchNormalizatio… │ 48)               │            │                   │
├─────────────────────┼───────────────────┼────────────┼───────────────────┤
│ block3c_drop        │ (None, 38, 38,    │          0 │ block3c_project_… │
│ (Dropout)           │ 48)               │            │                   │
├─────────────────────┼───────────────────┼────────────┼───────────────────┤
│ block3c_add (Add)   │ (None, 38, 38,    │          0 │ block3c_drop[0][… │
│                     │ 48)               │            │ block3b_add[0][0] │
├─────────────────────┼───────────────────┼────────────┼───────────────────┤
│ block4a_expand_conv │ (None, 38, 38,    │     13,824 │ block3c_add[0][0] │
│ (Conv2D)            │ 288)              │            │                   │
├─────────────────────┼───────────────────┼────────────┼───────────────────┤
│ block4a_expand_bn   │ (None, 38, 38,    │      1,152 │ block4a_expand_c… │
│ (BatchNormalizatio… │ 288)              │            │                   │
├─────────────────────┼───────────────────┼────────────┼───────────────────┤
│ block4a_expand_act… │ (None, 38, 38,    │          0 │ block4a_expand_b… │
│ (Activation)        │ 288)              │            │                   │
├─────────────────────┼───────────────────┼────────────┼───────────────────┤
│ block4a_dwconv_pad  │ (None, 39, 39,    │          0 │ block4a_expand_a… │
│ (ZeroPadding2D)     │ 288)              │            │                   │
├─────────────────────┼───────────────────┼────────────┼───────────────────┤
│ block4a_dwconv      │ (None, 19, 19,    │      2,592 │ block4a_dwconv_p… │
│ (DepthwiseConv2D)   │ 288)              │            │                   │
├─────────────────────┼───────────────────┼────────────┼───────────────────┤
│ block4a_bn          │ (None, 19, 19,    │      1,152 │ block4a_dwconv[0… │
│ (BatchNormalizatio… │ 288)              │            │                   │
├─────────────────────┼───────────────────┼────────────┼───────────────────┤
│ block4a_activation  │ (None, 19, 19,    │          0 │ block4a_bn[0][0]  │
│ (Activation)        │ 288)              │            │                   │
├─────────────────────┼───────────────────┼────────────┼───────────────────┤
│ block4a_se_squeeze  │ (None, 288)       │          0 │ block4a_activati… │
│ (GlobalAveragePool… │                   │            │                   │
├─────────────────────┼───────────────────┼────────────┼───────────────────┤
│ block4a_se_reshape  │ (None, 1, 1, 288) │          0 │ block4a_se_squee… │
│ (Reshape)           │                   │            │                   │
├─────────────────────┼───────────────────┼────────────┼───────────────────┤
│ block4a_se_reduce   │ (None, 1, 1, 12)  │      3,468 │ block4a_se_resha… │
│ (Conv2D)            │                   │            │                   │
├─────────────────────┼───────────────────┼────────────┼───────────────────┤
│ block4a_se_expand   │ (None, 1, 1, 288) │      3,744 │ block4a_se_reduc… │
│ (Conv2D)            │                   │            │                   │
├─────────────────────┼───────────────────┼────────────┼───────────────────┤
│ block4a_se_excite   │ (None, 19, 19,    │          0 │ block4a_activati… │
│ (Multiply)          │ 288)              │            │ block4a_se_expan… │
├─────────────────────┼───────────────────┼────────────┼───────────────────┤
│ block4a_project_co… │ (None, 19, 19,    │     27,648 │ block4a_se_excit… │
│ (Conv2D)            │ 96)               │            │                   │
├─────────────────────┼───────────────────┼────────────┼───────────────────┤
│ block4a_project_bn  │ (None, 19, 19,    │        384 │ block4a_project_… │
│ (BatchNormalizatio… │ 96)               │            │                   │
├─────────────────────┼───────────────────┼────────────┼───────────────────┤
│ block4b_expand_conv │ (None, 19, 19,    │     55,296 │ block4a_project_… │
│ (Conv2D)            │ 576)              │            │                   │
├─────────────────────┼───────────────────┼────────────┼───────────────────┤
│ block4b_expand_bn   │ (None, 19, 19,    │      2,304 │ block4b_expand_c… │
│ (BatchNormalizatio… │ 576)              │            │                   │
├─────────────────────┼───────────────────┼────────────┼───────────────────┤
│ block4b_expand_act… │ (None, 19, 19,    │          0 │ block4b_expand_b… │
│ (Activation)        │ 576)              │            │                   │
├─────────────────────┼───────────────────┼────────────┼───────────────────┤
│ block4b_dwconv      │ (None, 19, 19,    │      5,184 │ block4b_expand_a… │
│ (DepthwiseConv2D)   │ 576)              │            │                   │
├─────────────────────┼───────────────────┼────────────┼───────────────────┤
│ block4b_bn          │ (None, 19, 19,    │      2,304 │ block4b_dwconv[0… │
│ (BatchNormalizatio… │ 576)              │            │                   │
├─────────────────────┼───────────────────┼────────────┼───────────────────┤
│ block4b_activation  │ (None, 19, 19,    │          0 │ block4b_bn[0][0]  │
│ (Activation)        │ 576)              │            │                   │
├─────────────────────┼───────────────────┼────────────┼───────────────────┤
│ block4b_se_squeeze  │ (None, 576)       │          0 │ block4b_activati… │
│ (GlobalAveragePool… │                   │            │                   │
├─────────────────────┼───────────────────┼────────────┼───────────────────┤
│ block4b_se_reshape  │ (None, 1, 1, 576) │          0 │ block4b_se_squee… │
│ (Reshape)           │                   │            │                   │
├─────────────────────┼───────────────────┼────────────┼───────────────────┤
│ block4b_se_reduce   │ (None, 1, 1, 24)  │     13,848 │ block4b_se_resha… │
│ (Conv2D)            │                   │            │                   │
├─────────────────────┼───────────────────┼────────────┼───────────────────┤
│ block4b_se_expand   │ (None, 1, 1, 576) │     14,400 │ block4b_se_reduc… │
│ (Conv2D)            │                   │            │                   │
├─────────────────────┼───────────────────┼────────────┼───────────────────┤
│ block4b_se_excite   │ (None, 19, 19,    │          0 │ block4b_activati… │
│ (Multiply)          │ 576)              │            │ block4b_se_expan… │
├─────────────────────┼───────────────────┼────────────┼───────────────────┤
│ block4b_project_co… │ (None, 19, 19,    │     55,296 │ block4b_se_excit… │
│ (Conv2D)            │ 96)               │            │                   │
├─────────────────────┼───────────────────┼────────────┼───────────────────┤
│ block4b_project_bn  │ (None, 19, 19,    │        384 │ block4b_project_… │
│ (BatchNormalizatio… │ 96)               │            │                   │
├─────────────────────┼───────────────────┼────────────┼───────────────────┤
│ block4b_drop        │ (None, 19, 19,    │          0 │ block4b_project_… │
│ (Dropout)           │ 96)               │            │                   │
├─────────────────────┼───────────────────┼────────────┼───────────────────┤
│ block4b_add (Add)   │ (None, 19, 19,    │          0 │ block4b_drop[0][… │
│                     │ 96)               │            │ block4a_project_… │
├─────────────────────┼───────────────────┼────────────┼───────────────────┤
│ block4c_expand_conv │ (None, 19, 19,    │     55,296 │ block4b_add[0][0] │
│ (Conv2D)            │ 576)              │            │                   │
├─────────────────────┼───────────────────┼────────────┼───────────────────┤
│ block4c_expand_bn   │ (None, 19, 19,    │      2,304 │ block4c_expand_c… │
│ (BatchNormalizatio… │ 576)              │            │                   │
├─────────────────────┼───────────────────┼────────────┼───────────────────┤
│ block4c_expand_act… │ (None, 19, 19,    │          0 │ block4c_expand_b… │
│ (Activation)        │ 576)              │            │                   │
├─────────────────────┼───────────────────┼────────────┼───────────────────┤
│ block4c_dwconv      │ (None, 19, 19,    │      5,184 │ block4c_expand_a… │
│ (DepthwiseConv2D)   │ 576)              │            │                   │
├─────────────────────┼───────────────────┼────────────┼───────────────────┤
│ block4c_bn          │ (None, 19, 19,    │      2,304 │ block4c_dwconv[0… │
│ (BatchNormalizatio… │ 576)              │            │                   │
├─────────────────────┼───────────────────┼────────────┼───────────────────┤
│ block4c_activation  │ (None, 19, 19,    │          0 │ block4c_bn[0][0]  │
│ (Activation)        │ 576)              │            │                   │
├─────────────────────┼───────────────────┼────────────┼───────────────────┤
│ block4c_se_squeeze  │ (None, 576)       │          0 │ block4c_activati… │
│ (GlobalAveragePool… │                   │            │                   │
├─────────────────────┼───────────────────┼────────────┼───────────────────┤
│ block4c_se_reshape  │ (None, 1, 1, 576) │          0 │ block4c_se_squee… │
│ (Reshape)           │                   │            │                   │
├─────────────────────┼───────────────────┼────────────┼───────────────────┤
│ block4c_se_reduce   │ (None, 1, 1, 24)  │     13,848 │ block4c_se_resha… │
│ (Conv2D)            │                   │            │                   │
├─────────────────────┼───────────────────┼────────────┼───────────────────┤
│ block4c_se_expand   │ (None, 1, 1, 576) │     14,400 │ block4c_se_reduc… │
│ (Conv2D)            │                   │            │                   │
├─────────────────────┼───────────────────┼────────────┼───────────────────┤
│ block4c_se_excite   │ (None, 19, 19,    │          0 │ block4c_activati… │
│ (Multiply)          │ 576)              │            │ block4c_se_expan… │
├─────────────────────┼───────────────────┼────────────┼───────────────────┤
│ block4c_project_co… │ (None, 19, 19,    │     55,296 │ block4c_se_excit… │
│ (Conv2D)            │ 96)               │            │                   │
├─────────────────────┼───────────────────┼────────────┼───────────────────┤
│ block4c_project_bn  │ (None, 19, 19,    │        384 │ block4c_project_… │
│ (BatchNormalizatio… │ 96)               │            │                   │
├─────────────────────┼───────────────────┼────────────┼───────────────────┤
│ block4c_drop        │ (None, 19, 19,    │          0 │ block4c_project_… │
│ (Dropout)           │ 96)               │            │                   │
├─────────────────────┼───────────────────┼────────────┼───────────────────┤
│ block4c_add (Add)   │ (None, 19, 19,    │          0 │ block4c_drop[0][… │
│                     │ 96)               │            │ block4b_add[0][0] │
├─────────────────────┼───────────────────┼────────────┼───────────────────┤
│ block4d_expand_conv │ (None, 19, 19,    │     55,296 │ block4c_add[0][0] │
│ (Conv2D)            │ 576)              │            │                   │
├─────────────────────┼───────────────────┼────────────┼───────────────────┤
│ block4d_expand_bn   │ (None, 19, 19,    │      2,304 │ block4d_expand_c… │
│ (BatchNormalizatio… │ 576)              │            │                   │
├─────────────────────┼───────────────────┼────────────┼───────────────────┤
│ block4d_expand_act… │ (None, 19, 19,    │          0 │ block4d_expand_b… │
│ (Activation)        │ 576)              │            │                   │
├─────────────────────┼───────────────────┼────────────┼───────────────────┤
│ block4d_dwconv      │ (None, 19, 19,    │      5,184 │ block4d_expand_a… │
│ (DepthwiseConv2D)   │ 576)              │            │                   │
├─────────────────────┼───────────────────┼────────────┼───────────────────┤
│ block4d_bn          │ (None, 19, 19,    │      2,304 │ block4d_dwconv[0… │
│ (BatchNormalizatio… │ 576)              │            │                   │
├─────────────────────┼───────────────────┼────────────┼───────────────────┤
│ block4d_activation  │ (None, 19, 19,    │          0 │ block4d_bn[0][0]  │
│ (Activation)        │ 576)              │            │                   │
├─────────────────────┼───────────────────┼────────────┼───────────────────┤
│ block4d_se_squeeze  │ (None, 576)       │          0 │ block4d_activati… │
│ (GlobalAveragePool… │                   │            │                   │
├─────────────────────┼───────────────────┼────────────┼───────────────────┤
│ block4d_se_reshape  │ (None, 1, 1, 576) │          0 │ block4d_se_squee… │
│ (Reshape)           │                   │            │                   │
├─────────────────────┼───────────────────┼────────────┼───────────────────┤
│ block4d_se_reduce   │ (None, 1, 1, 24)  │     13,848 │ block4d_se_resha… │
│ (Conv2D)            │                   │            │                   │
├─────────────────────┼───────────────────┼────────────┼───────────────────┤
│ block4d_se_expand   │ (None, 1, 1, 576) │     14,400 │ block4d_se_reduc… │
│ (Conv2D)            │                   │            │                   │
├─────────────────────┼───────────────────┼────────────┼───────────────────┤
│ block4d_se_excite   │ (None, 19, 19,    │          0 │ block4d_activati… │
│ (Multiply)          │ 576)              │            │ block4d_se_expan… │
├─────────────────────┼───────────────────┼────────────┼───────────────────┤
│ block4d_project_co… │ (None, 19, 19,    │     55,296 │ block4d_se_excit… │
│ (Conv2D)            │ 96)               │            │                   │
├─────────────────────┼───────────────────┼────────────┼───────────────────┤
│ block4d_project_bn  │ (None, 19, 19,    │        384 │ block4d_project_… │
│ (BatchNormalizatio… │ 96)               │            │                   │
├─────────────────────┼───────────────────┼────────────┼───────────────────┤
│ block4d_drop        │ (None, 19, 19,    │          0 │ block4d_project_… │
│ (Dropout)           │ 96)               │            │                   │
├─────────────────────┼───────────────────┼────────────┼───────────────────┤
│ block4d_add (Add)   │ (None, 19, 19,    │          0 │ block4d_drop[0][… │
│                     │ 96)               │            │ block4c_add[0][0] │
├─────────────────────┼───────────────────┼────────────┼───────────────────┤
│ block4e_expand_conv │ (None, 19, 19,    │     55,296 │ block4d_add[0][0] │
│ (Conv2D)            │ 576)              │            │                   │
├─────────────────────┼───────────────────┼────────────┼───────────────────┤
│ block4e_expand_bn   │ (None, 19, 19,    │      2,304 │ block4e_expand_c… │
│ (BatchNormalizatio… │ 576)              │            │                   │
├─────────────────────┼───────────────────┼────────────┼───────────────────┤
│ block4e_expand_act… │ (None, 19, 19,    │          0 │ block4e_expand_b… │
│ (Activation)        │ 576)              │            │                   │
├─────────────────────┼───────────────────┼────────────┼───────────────────┤
│ block4e_dwconv      │ (None, 19, 19,    │      5,184 │ block4e_expand_a… │
│ (DepthwiseConv2D)   │ 576)              │            │                   │
├─────────────────────┼───────────────────┼────────────┼───────────────────┤
│ block4e_bn          │ (None, 19, 19,    │      2,304 │ block4e_dwconv[0… │
│ (BatchNormalizatio… │ 576)              │            │                   │
├─────────────────────┼───────────────────┼────────────┼───────────────────┤
│ block4e_activation  │ (None, 19, 19,    │          0 │ block4e_bn[0][0]  │
│ (Activation)        │ 576)              │            │                   │
├─────────────────────┼───────────────────┼────────────┼───────────────────┤
│ block4e_se_squeeze  │ (None, 576)       │          0 │ block4e_activati… │
│ (GlobalAveragePool… │                   │            │                   │
├─────────────────────┼───────────────────┼────────────┼───────────────────┤
│ block4e_se_reshape  │ (None, 1, 1, 576) │          0 │ block4e_se_squee… │
│ (Reshape)           │                   │            │                   │
├─────────────────────┼───────────────────┼────────────┼───────────────────┤
│ block4e_se_reduce   │ (None, 1, 1, 24)  │     13,848 │ block4e_se_resha… │
│ (Conv2D)            │                   │            │                   │
├─────────────────────┼───────────────────┼────────────┼───────────────────┤
│ block4e_se_expand   │ (None, 1, 1, 576) │     14,400 │ block4e_se_reduc… │
│ (Conv2D)            │                   │            │                   │
├─────────────────────┼───────────────────┼────────────┼───────────────────┤
│ block4e_se_excite   │ (None, 19, 19,    │          0 │ block4e_activati… │
│ (Multiply)          │ 576)              │            │ block4e_se_expan… │
├─────────────────────┼───────────────────┼────────────┼───────────────────┤
│ block4e_project_co… │ (None, 19, 19,    │     55,296 │ block4e_se_excit… │
│ (Conv2D)            │ 96)               │            │                   │
├─────────────────────┼───────────────────┼────────────┼───────────────────┤
│ block4e_project_bn  │ (None, 19, 19,    │        384 │ block4e_project_… │
│ (BatchNormalizatio… │ 96)               │            │                   │
├─────────────────────┼───────────────────┼────────────┼───────────────────┤
│ block4e_drop        │ (None, 19, 19,    │          0 │ block4e_project_… │
│ (Dropout)           │ 96)               │            │                   │
├─────────────────────┼───────────────────┼────────────┼───────────────────┤
│ block4e_add (Add)   │ (None, 19, 19,    │          0 │ block4e_drop[0][… │
│                     │ 96)               │            │ block4d_add[0][0] │
├─────────────────────┼───────────────────┼────────────┼───────────────────┤
│ block5a_expand_conv │ (None, 19, 19,    │     55,296 │ block4e_add[0][0] │
│ (Conv2D)            │ 576)              │            │                   │
├─────────────────────┼───────────────────┼────────────┼───────────────────┤
│ block5a_expand_bn   │ (None, 19, 19,    │      2,304 │ block5a_expand_c… │
│ (BatchNormalizatio… │ 576)              │            │                   │
├─────────────────────┼───────────────────┼────────────┼───────────────────┤
│ block5a_expand_act… │ (None, 19, 19,    │          0 │ block5a_expand_b… │
│ (Activation)        │ 576)              │            │                   │
├─────────────────────┼───────────────────┼────────────┼───────────────────┤
│ block5a_dwconv      │ (None, 19, 19,    │     14,400 │ block5a_expand_a… │
│ (DepthwiseConv2D)   │ 576)              │            │                   │
├─────────────────────┼───────────────────┼────────────┼───────────────────┤
│ block5a_bn          │ (None, 19, 19,    │      2,304 │ block5a_dwconv[0… │
│ (BatchNormalizatio… │ 576)              │            │                   │
├─────────────────────┼───────────────────┼────────────┼───────────────────┤
│ block5a_activation  │ (None, 19, 19,    │          0 │ block5a_bn[0][0]  │
│ (Activation)        │ 576)              │            │                   │
├─────────────────────┼───────────────────┼────────────┼───────────────────┤
│ block5a_se_squeeze  │ (None, 576)       │          0 │ block5a_activati… │
│ (GlobalAveragePool… │                   │            │                   │
├─────────────────────┼───────────────────┼────────────┼───────────────────┤
│ block5a_se_reshape  │ (None, 1, 1, 576) │          0 │ block5a_se_squee… │
│ (Reshape)           │                   │            │                   │
├─────────────────────┼───────────────────┼────────────┼───────────────────┤
│ block5a_se_reduce   │ (None, 1, 1, 24)  │     13,848 │ block5a_se_resha… │
│ (Conv2D)            │                   │            │                   │
├─────────────────────┼───────────────────┼────────────┼───────────────────┤
│ block5a_se_expand   │ (None, 1, 1, 576) │     14,400 │ block5a_se_reduc… │
│ (Conv2D)            │                   │            │                   │
├─────────────────────┼───────────────────┼────────────┼───────────────────┤
│ block5a_se_excite   │ (None, 19, 19,    │          0 │ block5a_activati… │
│ (Multiply)          │ 576)              │            │ block5a_se_expan… │
├─────────────────────┼───────────────────┼────────────┼───────────────────┤
│ block5a_project_co… │ (None, 19, 19,    │     78,336 │ block5a_se_excit… │
│ (Conv2D)            │ 136)              │            │                   │
├─────────────────────┼───────────────────┼────────────┼───────────────────┤
│ block5a_project_bn  │ (None, 19, 19,    │        544 │ block5a_project_… │
│ (BatchNormalizatio… │ 136)              │            │                   │
├─────────────────────┼───────────────────┼────────────┼───────────────────┤
│ block5b_expand_conv │ (None, 19, 19,    │    110,976 │ block5a_project_… │
│ (Conv2D)            │ 816)              │            │                   │
├─────────────────────┼───────────────────┼────────────┼───────────────────┤
│ block5b_expand_bn   │ (None, 19, 19,    │      3,264 │ block5b_expand_c… │
│ (BatchNormalizatio… │ 816)              │            │                   │
├─────────────────────┼───────────────────┼────────────┼───────────────────┤
│ block5b_expand_act… │ (None, 19, 19,    │          0 │ block5b_expand_b… │
│ (Activation)        │ 816)              │            │                   │
├─────────────────────┼───────────────────┼────────────┼───────────────────┤
│ block5b_dwconv      │ (None, 19, 19,    │     20,400 │ block5b_expand_a… │
│ (DepthwiseConv2D)   │ 816)              │            │                   │
├─────────────────────┼───────────────────┼────────────┼───────────────────┤
│ block5b_bn          │ (None, 19, 19,    │      3,264 │ block5b_dwconv[0… │
│ (BatchNormalizatio… │ 816)              │            │                   │
├─────────────────────┼───────────────────┼────────────┼───────────────────┤
│ block5b_activation  │ (None, 19, 19,    │          0 │ block5b_bn[0][0]  │
│ (Activation)        │ 816)              │            │                   │
├─────────────────────┼───────────────────┼────────────┼───────────────────┤
│ block5b_se_squeeze  │ (None, 816)       │          0 │ block5b_activati… │
│ (GlobalAveragePool… │                   │            │                   │
├─────────────────────┼───────────────────┼────────────┼───────────────────┤
│ block5b_se_reshape  │ (None, 1, 1, 816) │          0 │ block5b_se_squee… │
│ (Reshape)           │                   │            │                   │
├─────────────────────┼───────────────────┼────────────┼───────────────────┤
│ block5b_se_reduce   │ (None, 1, 1, 34)  │     27,778 │ block5b_se_resha… │
│ (Conv2D)            │                   │            │                   │
├─────────────────────┼───────────────────┼────────────┼───────────────────┤
│ block5b_se_expand   │ (None, 1, 1, 816) │     28,560 │ block5b_se_reduc… │
│ (Conv2D)            │                   │            │                   │
├─────────────────────┼───────────────────┼────────────┼───────────────────┤
│ block5b_se_excite   │ (None, 19, 19,    │          0 │ block5b_activati… │
│ (Multiply)          │ 816)              │            │ block5b_se_expan… │
├─────────────────────┼───────────────────┼────────────┼───────────────────┤
│ block5b_project_co… │ (None, 19, 19,    │    110,976 │ block5b_se_excit… │
│ (Conv2D)            │ 136)              │            │                   │
├─────────────────────┼───────────────────┼────────────┼───────────────────┤
│ block5b_project_bn  │ (None, 19, 19,    │        544 │ block5b_project_… │
│ (BatchNormalizatio… │ 136)              │            │                   │
├─────────────────────┼───────────────────┼────────────┼───────────────────┤
│ block5b_drop        │ (None, 19, 19,    │          0 │ block5b_project_… │
│ (Dropout)           │ 136)              │            │                   │
├─────────────────────┼───────────────────┼────────────┼───────────────────┤
│ block5b_add (Add)   │ (None, 19, 19,    │          0 │ block5b_drop[0][… │
│                     │ 136)              │            │ block5a_project_… │
├─────────────────────┼───────────────────┼────────────┼───────────────────┤
│ block5c_expand_conv │ (None, 19, 19,    │    110,976 │ block5b_add[0][0] │
│ (Conv2D)            │ 816)              │            │                   │
├─────────────────────┼───────────────────┼────────────┼───────────────────┤
│ block5c_expand_bn   │ (None, 19, 19,    │      3,264 │ block5c_expand_c… │
│ (BatchNormalizatio… │ 816)              │            │                   │
├─────────────────────┼───────────────────┼────────────┼───────────────────┤
│ block5c_expand_act… │ (None, 19, 19,    │          0 │ block5c_expand_b… │
│ (Activation)        │ 816)              │            │                   │
├─────────────────────┼───────────────────┼────────────┼───────────────────┤
│ block5c_dwconv      │ (None, 19, 19,    │     20,400 │ block5c_expand_a… │
│ (DepthwiseConv2D)   │ 816)              │            │                   │
├─────────────────────┼───────────────────┼────────────┼───────────────────┤
│ block5c_bn          │ (None, 19, 19,    │      3,264 │ block5c_dwconv[0… │
│ (BatchNormalizatio… │ 816)              │            │                   │
├─────────────────────┼───────────────────┼────────────┼───────────────────┤
│ block5c_activation  │ (None, 19, 19,    │          0 │ block5c_bn[0][0]  │
│ (Activation)        │ 816)              │            │                   │
├─────────────────────┼───────────────────┼────────────┼───────────────────┤
│ block5c_se_squeeze  │ (None, 816)       │          0 │ block5c_activati… │
│ (GlobalAveragePool… │                   │            │                   │
├─────────────────────┼───────────────────┼────────────┼───────────────────┤
│ block5c_se_reshape  │ (None, 1, 1, 816) │          0 │ block5c_se_squee… │
│ (Reshape)           │                   │            │                   │
├─────────────────────┼───────────────────┼────────────┼───────────────────┤
│ block5c_se_reduce   │ (None, 1, 1, 34)  │     27,778 │ block5c_se_resha… │
│ (Conv2D)            │                   │            │                   │
├─────────────────────┼───────────────────┼────────────┼───────────────────┤
│ block5c_se_expand   │ (None, 1, 1, 816) │     28,560 │ block5c_se_reduc… │
│ (Conv2D)            │                   │            │                   │
├─────────────────────┼───────────────────┼────────────┼───────────────────┤
│ block5c_se_excite   │ (None, 19, 19,    │          0 │ block5c_activati… │
│ (Multiply)          │ 816)              │            │ block5c_se_expan… │
├─────────────────────┼───────────────────┼────────────┼───────────────────┤
│ block5c_project_co… │ (None, 19, 19,    │    110,976 │ block5c_se_excit… │
│ (Conv2D)            │ 136)              │            │                   │
├─────────────────────┼───────────────────┼────────────┼───────────────────┤
│ block5c_project_bn  │ (None, 19, 19,    │        544 │ block5c_project_… │
│ (BatchNormalizatio… │ 136)              │            │                   │
├─────────────────────┼───────────────────┼────────────┼───────────────────┤
│ block5c_drop        │ (None, 19, 19,    │          0 │ block5c_project_… │
│ (Dropout)           │ 136)              │            │                   │
├─────────────────────┼───────────────────┼────────────┼───────────────────┤
│ block5c_add (Add)   │ (None, 19, 19,    │          0 │ block5c_drop[0][… │
│                     │ 136)              │            │ block5b_add[0][0] │
├─────────────────────┼───────────────────┼────────────┼───────────────────┤
│ block5d_expand_conv │ (None, 19, 19,    │    110,976 │ block5c_add[0][0] │
│ (Conv2D)            │ 816)              │            │                   │
├─────────────────────┼───────────────────┼────────────┼───────────────────┤
│ block5d_expand_bn   │ (None, 19, 19,    │      3,264 │ block5d_expand_c… │
│ (BatchNormalizatio… │ 816)              │            │                   │
├─────────────────────┼───────────────────┼────────────┼───────────────────┤
│ block5d_expand_act… │ (None, 19, 19,    │          0 │ block5d_expand_b… │
│ (Activation)        │ 816)              │            │                   │
├─────────────────────┼───────────────────┼────────────┼───────────────────┤
│ block5d_dwconv      │ (None, 19, 19,    │     20,400 │ block5d_expand_a… │
│ (DepthwiseConv2D)   │ 816)              │            │                   │
├─────────────────────┼───────────────────┼────────────┼───────────────────┤
│ block5d_bn          │ (None, 19, 19,    │      3,264 │ block5d_dwconv[0… │
│ (BatchNormalizatio… │ 816)              │            │                   │
├─────────────────────┼───────────────────┼────────────┼───────────────────┤
│ block5d_activation  │ (None, 19, 19,    │          0 │ block5d_bn[0][0]  │
│ (Activation)        │ 816)              │            │                   │
├─────────────────────┼───────────────────┼────────────┼───────────────────┤
│ block5d_se_squeeze  │ (None, 816)       │          0 │ block5d_activati… │
│ (GlobalAveragePool… │                   │            │                   │
├─────────────────────┼───────────────────┼────────────┼───────────────────┤
│ block5d_se_reshape  │ (None, 1, 1, 816) │          0 │ block5d_se_squee… │
│ (Reshape)           │                   │            │                   │
├─────────────────────┼───────────────────┼────────────┼───────────────────┤
│ block5d_se_reduce   │ (None, 1, 1, 34)  │     27,778 │ block5d_se_resha… │
│ (Conv2D)            │                   │            │                   │
├─────────────────────┼───────────────────┼────────────┼───────────────────┤
│ block5d_se_expand   │ (None, 1, 1, 816) │     28,560 │ block5d_se_reduc… │
│ (Conv2D)            │                   │            │                   │
├─────────────────────┼───────────────────┼────────────┼───────────────────┤
│ block5d_se_excite   │ (None, 19, 19,    │          0 │ block5d_activati… │
│ (Multiply)          │ 816)              │            │ block5d_se_expan… │
├─────────────────────┼───────────────────┼────────────┼───────────────────┤
│ block5d_project_co… │ (None, 19, 19,    │    110,976 │ block5d_se_excit… │
│ (Conv2D)            │ 136)              │            │                   │
├─────────────────────┼───────────────────┼────────────┼───────────────────┤
│ block5d_project_bn  │ (None, 19, 19,    │        544 │ block5d_project_… │
│ (BatchNormalizatio… │ 136)              │            │                   │
├─────────────────────┼───────────────────┼────────────┼───────────────────┤
│ block5d_drop        │ (None, 19, 19,    │          0 │ block5d_project_… │
│ (Dropout)           │ 136)              │            │                   │
├─────────────────────┼───────────────────┼────────────┼───────────────────┤
│ block5d_add (Add)   │ (None, 19, 19,    │          0 │ block5d_drop[0][… │
│                     │ 136)              │            │ block5c_add[0][0] │
├─────────────────────┼───────────────────┼────────────┼───────────────────┤
│ block5e_expand_conv │ (None, 19, 19,    │    110,976 │ block5d_add[0][0] │
│ (Conv2D)            │ 816)              │            │                   │
├─────────────────────┼───────────────────┼────────────┼───────────────────┤
│ block5e_expand_bn   │ (None, 19, 19,    │      3,264 │ block5e_expand_c… │
│ (BatchNormalizatio… │ 816)              │            │                   │
├─────────────────────┼───────────────────┼────────────┼───────────────────┤
│ block5e_expand_act… │ (None, 19, 19,    │          0 │ block5e_expand_b… │
│ (Activation)        │ 816)              │            │                   │
├─────────────────────┼───────────────────┼────────────┼───────────────────┤
│ block5e_dwconv      │ (None, 19, 19,    │     20,400 │ block5e_expand_a… │
│ (DepthwiseConv2D)   │ 816)              │            │                   │
├─────────────────────┼───────────────────┼────────────┼───────────────────┤
│ block5e_bn          │ (None, 19, 19,    │      3,264 │ block5e_dwconv[0… │
│ (BatchNormalizatio… │ 816)              │            │                   │
├─────────────────────┼───────────────────┼────────────┼───────────────────┤
│ block5e_activation  │ (None, 19, 19,    │          0 │ block5e_bn[0][0]  │
│ (Activation)        │ 816)              │            │                   │
├─────────────────────┼───────────────────┼────────────┼───────────────────┤
│ block5e_se_squeeze  │ (None, 816)       │          0 │ block5e_activati… │
│ (GlobalAveragePool… │                   │            │                   │
├─────────────────────┼───────────────────┼────────────┼───────────────────┤
│ block5e_se_reshape  │ (None, 1, 1, 816) │          0 │ block5e_se_squee… │
│ (Reshape)           │                   │            │                   │
├─────────────────────┼───────────────────┼────────────┼───────────────────┤
│ block5e_se_reduce   │ (None, 1, 1, 34)  │     27,778 │ block5e_se_resha… │
│ (Conv2D)            │                   │            │                   │
├─────────────────────┼───────────────────┼────────────┼───────────────────┤
│ block5e_se_expand   │ (None, 1, 1, 816) │     28,560 │ block5e_se_reduc… │
│ (Conv2D)            │                   │            │                   │
├─────────────────────┼───────────────────┼────────────┼───────────────────┤
│ block5e_se_excite   │ (None, 19, 19,    │          0 │ block5e_activati… │
│ (Multiply)          │ 816)              │            │ block5e_se_expan… │
├─────────────────────┼───────────────────┼────────────┼───────────────────┤
│ block5e_project_co… │ (None, 19, 19,    │    110,976 │ block5e_se_excit… │
│ (Conv2D)            │ 136)              │            │                   │
├─────────────────────┼───────────────────┼────────────┼───────────────────┤
│ block5e_project_bn  │ (None, 19, 19,    │        544 │ block5e_project_… │
│ (BatchNormalizatio… │ 136)              │            │                   │
├─────────────────────┼───────────────────┼────────────┼───────────────────┤
│ block5e_drop        │ (None, 19, 19,    │          0 │ block5e_project_… │
│ (Dropout)           │ 136)              │            │                   │
├─────────────────────┼───────────────────┼────────────┼───────────────────┤
│ block5e_add (Add)   │ (None, 19, 19,    │          0 │ block5e_drop[0][… │
│                     │ 136)              │            │ block5d_add[0][0] │
├─────────────────────┼───────────────────┼────────────┼───────────────────┤
│ block6a_expand_conv │ (None, 19, 19,    │    110,976 │ block5e_add[0][0] │
│ (Conv2D)            │ 816)              │            │                   │
├─────────────────────┼───────────────────┼────────────┼───────────────────┤
│ block6a_expand_bn   │ (None, 19, 19,    │      3,264 │ block6a_expand_c… │
│ (BatchNormalizatio… │ 816)              │            │                   │
├─────────────────────┼───────────────────┼────────────┼───────────────────┤
│ block6a_expand_act… │ (None, 19, 19,    │          0 │ block6a_expand_b… │
│ (Activation)        │ 816)              │            │                   │
├─────────────────────┼───────────────────┼────────────┼───────────────────┤
│ block6a_dwconv_pad  │ (None, 23, 23,    │          0 │ block6a_expand_a… │
│ (ZeroPadding2D)     │ 816)              │            │                   │
├─────────────────────┼───────────────────┼────────────┼───────────────────┤
│ block6a_dwconv      │ (None, 10, 10,    │     20,400 │ block6a_dwconv_p… │
│ (DepthwiseConv2D)   │ 816)              │            │                   │
├─────────────────────┼───────────────────┼────────────┼───────────────────┤
│ block6a_bn          │ (None, 10, 10,    │      3,264 │ block6a_dwconv[0… │
│ (BatchNormalizatio… │ 816)              │            │                   │
├─────────────────────┼───────────────────┼────────────┼───────────────────┤
│ block6a_activation  │ (None, 10, 10,    │          0 │ block6a_bn[0][0]  │
│ (Activation)        │ 816)              │            │                   │
├─────────────────────┼───────────────────┼────────────┼───────────────────┤
│ block6a_se_squeeze  │ (None, 816)       │          0 │ block6a_activati… │
│ (GlobalAveragePool… │                   │            │                   │
├─────────────────────┼───────────────────┼────────────┼───────────────────┤
│ block6a_se_reshape  │ (None, 1, 1, 816) │          0 │ block6a_se_squee… │
│ (Reshape)           │                   │            │                   │
├─────────────────────┼───────────────────┼────────────┼───────────────────┤
│ block6a_se_reduce   │ (None, 1, 1, 34)  │     27,778 │ block6a_se_resha… │
│ (Conv2D)            │                   │            │                   │
├─────────────────────┼───────────────────┼────────────┼───────────────────┤
│ block6a_se_expand   │ (None, 1, 1, 816) │     28,560 │ block6a_se_reduc… │
│ (Conv2D)            │                   │            │                   │
├─────────────────────┼───────────────────┼────────────┼───────────────────┤
│ block6a_se_excite   │ (None, 10, 10,    │          0 │ block6a_activati… │
│ (Multiply)          │ 816)              │            │ block6a_se_expan… │
├─────────────────────┼───────────────────┼────────────┼───────────────────┤
│ block6a_project_co… │ (None, 10, 10,    │    189,312 │ block6a_se_excit… │
│ (Conv2D)            │ 232)              │            │                   │
├─────────────────────┼───────────────────┼────────────┼───────────────────┤
│ block6a_project_bn  │ (None, 10, 10,    │        928 │ block6a_project_… │
│ (BatchNormalizatio… │ 232)              │            │                   │
├─────────────────────┼───────────────────┼────────────┼───────────────────┤
│ block6b_expand_conv │ (None, 10, 10,    │    322,944 │ block6a_project_… │
│ (Conv2D)            │ 1392)             │            │                   │
├─────────────────────┼───────────────────┼────────────┼───────────────────┤
│ block6b_expand_bn   │ (None, 10, 10,    │      5,568 │ block6b_expand_c… │
│ (BatchNormalizatio… │ 1392)             │            │                   │
├─────────────────────┼───────────────────┼────────────┼───────────────────┤
│ block6b_expand_act… │ (None, 10, 10,    │          0 │ block6b_expand_b… │
│ (Activation)        │ 1392)             │            │                   │
├─────────────────────┼───────────────────┼────────────┼───────────────────┤
│ block6b_dwconv      │ (None, 10, 10,    │     34,800 │ block6b_expand_a… │
│ (DepthwiseConv2D)   │ 1392)             │            │                   │
├─────────────────────┼───────────────────┼────────────┼───────────────────┤
│ block6b_bn          │ (None, 10, 10,    │      5,568 │ block6b_dwconv[0… │
│ (BatchNormalizatio… │ 1392)             │            │                   │
├─────────────────────┼───────────────────┼────────────┼───────────────────┤
│ block6b_activation  │ (None, 10, 10,    │          0 │ block6b_bn[0][0]  │
│ (Activation)        │ 1392)             │            │                   │
├─────────────────────┼───────────────────┼────────────┼───────────────────┤
│ block6b_se_squeeze  │ (None, 1392)      │          0 │ block6b_activati… │
│ (GlobalAveragePool… │                   │            │                   │
├─────────────────────┼───────────────────┼────────────┼───────────────────┤
│ block6b_se_reshape  │ (None, 1, 1,      │          0 │ block6b_se_squee… │
│ (Reshape)           │ 1392)             │            │                   │
├─────────────────────┼───────────────────┼────────────┼───────────────────┤
│ block6b_se_reduce   │ (None, 1, 1, 58)  │     80,794 │ block6b_se_resha… │
│ (Conv2D)            │                   │            │                   │
├─────────────────────┼───────────────────┼────────────┼───────────────────┤
│ block6b_se_expand   │ (None, 1, 1,      │     82,128 │ block6b_se_reduc… │
│ (Conv2D)            │ 1392)             │            │                   │
├─────────────────────┼───────────────────┼────────────┼───────────────────┤
│ block6b_se_excite   │ (None, 10, 10,    │          0 │ block6b_activati… │
│ (Multiply)          │ 1392)             │            │ block6b_se_expan… │
├─────────────────────┼───────────────────┼────────────┼───────────────────┤
│ block6b_project_co… │ (None, 10, 10,    │    322,944 │ block6b_se_excit… │
│ (Conv2D)            │ 232)              │            │                   │
├─────────────────────┼───────────────────┼────────────┼───────────────────┤
│ block6b_project_bn  │ (None, 10, 10,    │        928 │ block6b_project_… │
│ (BatchNormalizatio… │ 232)              │            │                   │
├─────────────────────┼───────────────────┼────────────┼───────────────────┤
│ block6b_drop        │ (None, 10, 10,    │          0 │ block6b_project_… │
│ (Dropout)           │ 232)              │            │                   │
├─────────────────────┼───────────────────┼────────────┼───────────────────┤
│ block6b_add (Add)   │ (None, 10, 10,    │          0 │ block6b_drop[0][… │
│                     │ 232)              │            │ block6a_project_… │
├─────────────────────┼───────────────────┼────────────┼───────────────────┤
│ block6c_expand_conv │ (None, 10, 10,    │    322,944 │ block6b_add[0][0] │
│ (Conv2D)            │ 1392)             │            │                   │
├─────────────────────┼───────────────────┼────────────┼───────────────────┤
│ block6c_expand_bn   │ (None, 10, 10,    │      5,568 │ block6c_expand_c… │
│ (BatchNormalizatio… │ 1392)             │            │                   │
├─────────────────────┼───────────────────┼────────────┼───────────────────┤
│ block6c_expand_act… │ (None, 10, 10,    │          0 │ block6c_expand_b… │
│ (Activation)        │ 1392)             │            │                   │
├─────────────────────┼───────────────────┼────────────┼───────────────────┤
│ block6c_dwconv      │ (None, 10, 10,    │     34,800 │ block6c_expand_a… │
│ (DepthwiseConv2D)   │ 1392)             │            │                   │
├─────────────────────┼───────────────────┼────────────┼───────────────────┤
│ block6c_bn          │ (None, 10, 10,    │      5,568 │ block6c_dwconv[0… │
│ (BatchNormalizatio… │ 1392)             │            │                   │
├─────────────────────┼───────────────────┼────────────┼───────────────────┤
│ block6c_activation  │ (None, 10, 10,    │          0 │ block6c_bn[0][0]  │
│ (Activation)        │ 1392)             │            │                   │
├─────────────────────┼───────────────────┼────────────┼───────────────────┤
│ block6c_se_squeeze  │ (None, 1392)      │          0 │ block6c_activati… │
│ (GlobalAveragePool… │                   │            │                   │
├─────────────────────┼───────────────────┼────────────┼───────────────────┤
│ block6c_se_reshape  │ (None, 1, 1,      │          0 │ block6c_se_squee… │
│ (Reshape)           │ 1392)             │            │                   │
├─────────────────────┼───────────────────┼────────────┼───────────────────┤
│ block6c_se_reduce   │ (None, 1, 1, 58)  │     80,794 │ block6c_se_resha… │
│ (Conv2D)            │                   │            │                   │
├─────────────────────┼───────────────────┼────────────┼───────────────────┤
│ block6c_se_expand   │ (None, 1, 1,      │     82,128 │ block6c_se_reduc… │
│ (Conv2D)            │ 1392)             │            │                   │
├─────────────────────┼───────────────────┼────────────┼───────────────────┤
│ block6c_se_excite   │ (None, 10, 10,    │          0 │ block6c_activati… │
│ (Multiply)          │ 1392)             │            │ block6c_se_expan… │
├─────────────────────┼───────────────────┼────────────┼───────────────────┤
│ block6c_project_co… │ (None, 10, 10,    │    322,944 │ block6c_se_excit… │
│ (Conv2D)            │ 232)              │            │                   │
├─────────────────────┼───────────────────┼────────────┼───────────────────┤
│ block6c_project_bn  │ (None, 10, 10,    │        928 │ block6c_project_… │
│ (BatchNormalizatio… │ 232)              │            │                   │
├─────────────────────┼───────────────────┼────────────┼───────────────────┤
│ block6c_drop        │ (None, 10, 10,    │          0 │ block6c_project_… │
│ (Dropout)           │ 232)              │            │                   │
├─────────────────────┼───────────────────┼────────────┼───────────────────┤
│ block6c_add (Add)   │ (None, 10, 10,    │          0 │ block6c_drop[0][… │
│                     │ 232)              │            │ block6b_add[0][0] │
├─────────────────────┼───────────────────┼────────────┼───────────────────┤
│ block6d_expand_conv │ (None, 10, 10,    │    322,944 │ block6c_add[0][0] │
│ (Conv2D)            │ 1392)             │            │                   │
├─────────────────────┼───────────────────┼────────────┼───────────────────┤
│ block6d_expand_bn   │ (None, 10, 10,    │      5,568 │ block6d_expand_c… │
│ (BatchNormalizatio… │ 1392)             │            │                   │
├─────────────────────┼───────────────────┼────────────┼───────────────────┤
│ block6d_expand_act… │ (None, 10, 10,    │          0 │ block6d_expand_b… │
│ (Activation)        │ 1392)             │            │                   │
├─────────────────────┼───────────────────┼────────────┼───────────────────┤
│ block6d_dwconv      │ (None, 10, 10,    │     34,800 │ block6d_expand_a… │
│ (DepthwiseConv2D)   │ 1392)             │            │                   │
├─────────────────────┼───────────────────┼────────────┼───────────────────┤
│ block6d_bn          │ (None, 10, 10,    │      5,568 │ block6d_dwconv[0… │
│ (BatchNormalizatio… │ 1392)             │            │                   │
├─────────────────────┼───────────────────┼────────────┼───────────────────┤
│ block6d_activation  │ (None, 10, 10,    │          0 │ block6d_bn[0][0]  │
│ (Activation)        │ 1392)             │            │                   │
├─────────────────────┼───────────────────┼────────────┼───────────────────┤
│ block6d_se_squeeze  │ (None, 1392)      │          0 │ block6d_activati… │
│ (GlobalAveragePool… │                   │            │                   │
├─────────────────────┼───────────────────┼────────────┼───────────────────┤
│ block6d_se_reshape  │ (None, 1, 1,      │          0 │ block6d_se_squee… │
│ (Reshape)           │ 1392)             │            │                   │
├─────────────────────┼───────────────────┼────────────┼───────────────────┤
│ block6d_se_reduce   │ (None, 1, 1, 58)  │     80,794 │ block6d_se_resha… │
│ (Conv2D)            │                   │            │                   │
├─────────────────────┼───────────────────┼────────────┼───────────────────┤
│ block6d_se_expand   │ (None, 1, 1,      │     82,128 │ block6d_se_reduc… │
│ (Conv2D)            │ 1392)             │            │                   │
├─────────────────────┼───────────────────┼────────────┼───────────────────┤
│ block6d_se_excite   │ (None, 10, 10,    │          0 │ block6d_activati… │
│ (Multiply)          │ 1392)             │            │ block6d_se_expan… │
├─────────────────────┼───────────────────┼────────────┼───────────────────┤
│ block6d_project_co… │ (None, 10, 10,    │    322,944 │ block6d_se_excit… │
│ (Conv2D)            │ 232)              │            │                   │
├─────────────────────┼───────────────────┼────────────┼───────────────────┤
│ block6d_project_bn  │ (None, 10, 10,    │        928 │ block6d_project_… │
│ (BatchNormalizatio… │ 232)              │            │                   │
├─────────────────────┼───────────────────┼────────────┼───────────────────┤
│ block6d_drop        │ (None, 10, 10,    │          0 │ block6d_project_… │
│ (Dropout)           │ 232)              │            │                   │
├─────────────────────┼───────────────────┼────────────┼───────────────────┤
│ block6d_add (Add)   │ (None, 10, 10,    │          0 │ block6d_drop[0][… │
│                     │ 232)              │            │ block6c_add[0][0] │
├─────────────────────┼───────────────────┼────────────┼───────────────────┤
│ block6e_expand_conv │ (None, 10, 10,    │    322,944 │ block6d_add[0][0] │
│ (Conv2D)            │ 1392)             │            │                   │
├─────────────────────┼───────────────────┼────────────┼───────────────────┤
│ block6e_expand_bn   │ (None, 10, 10,    │      5,568 │ block6e_expand_c… │
│ (BatchNormalizatio… │ 1392)             │            │                   │
├─────────────────────┼───────────────────┼────────────┼───────────────────┤
│ block6e_expand_act… │ (None, 10, 10,    │          0 │ block6e_expand_b… │
│ (Activation)        │ 1392)             │            │                   │
├─────────────────────┼───────────────────┼────────────┼───────────────────┤
│ block6e_dwconv      │ (None, 10, 10,    │     34,800 │ block6e_expand_a… │
│ (DepthwiseConv2D)   │ 1392)             │            │                   │
├─────────────────────┼───────────────────┼────────────┼───────────────────┤
│ block6e_bn          │ (None, 10, 10,    │      5,568 │ block6e_dwconv[0… │
│ (BatchNormalizatio… │ 1392)             │            │                   │
├─────────────────────┼───────────────────┼────────────┼───────────────────┤
│ block6e_activation  │ (None, 10, 10,    │          0 │ block6e_bn[0][0]  │
│ (Activation)        │ 1392)             │            │                   │
├─────────────────────┼───────────────────┼────────────┼───────────────────┤
│ block6e_se_squeeze  │ (None, 1392)      │          0 │ block6e_activati… │
│ (GlobalAveragePool… │                   │            │                   │
├─────────────────────┼───────────────────┼────────────┼───────────────────┤
│ block6e_se_reshape  │ (None, 1, 1,      │          0 │ block6e_se_squee… │
│ (Reshape)           │ 1392)             │            │                   │
├─────────────────────┼───────────────────┼────────────┼───────────────────┤
│ block6e_se_reduce   │ (None, 1, 1, 58)  │     80,794 │ block6e_se_resha… │
│ (Conv2D)            │                   │            │                   │
├─────────────────────┼───────────────────┼────────────┼───────────────────┤
│ block6e_se_expand   │ (None, 1, 1,      │     82,128 │ block6e_se_reduc… │
│ (Conv2D)            │ 1392)             │            │                   │
├─────────────────────┼───────────────────┼────────────┼───────────────────┤
│ block6e_se_excite   │ (None, 10, 10,    │          0 │ block6e_activati… │
│ (Multiply)          │ 1392)             │            │ block6e_se_expan… │
├─────────────────────┼───────────────────┼────────────┼───────────────────┤
│ block6e_project_co… │ (None, 10, 10,    │    322,944 │ block6e_se_excit… │
│ (Conv2D)            │ 232)              │            │                   │
├─────────────────────┼───────────────────┼────────────┼───────────────────┤
│ block6e_project_bn  │ (None, 10, 10,    │        928 │ block6e_project_… │
│ (BatchNormalizatio… │ 232)              │            │                   │
├─────────────────────┼───────────────────┼────────────┼───────────────────┤
│ block6e_drop        │ (None, 10, 10,    │          0 │ block6e_project_… │
│ (Dropout)           │ 232)              │            │                   │
├─────────────────────┼───────────────────┼────────────┼───────────────────┤
│ block6e_add (Add)   │ (None, 10, 10,    │          0 │ block6e_drop[0][… │
│                     │ 232)              │            │ block6d_add[0][0] │
├─────────────────────┼───────────────────┼────────────┼───────────────────┤
│ block6f_expand_conv │ (None, 10, 10,    │    322,944 │ block6e_add[0][0] │
│ (Conv2D)            │ 1392)             │            │                   │
├─────────────────────┼───────────────────┼────────────┼───────────────────┤
│ block6f_expand_bn   │ (None, 10, 10,    │      5,568 │ block6f_expand_c… │
│ (BatchNormalizatio… │ 1392)             │            │                   │
├─────────────────────┼───────────────────┼────────────┼───────────────────┤
│ block6f_expand_act… │ (None, 10, 10,    │          0 │ block6f_expand_b… │
│ (Activation)        │ 1392)             │            │                   │
├─────────────────────┼───────────────────┼────────────┼───────────────────┤
│ block6f_dwconv      │ (None, 10, 10,    │     34,800 │ block6f_expand_a… │
│ (DepthwiseConv2D)   │ 1392)             │            │                   │
├─────────────────────┼───────────────────┼────────────┼───────────────────┤
│ block6f_bn          │ (None, 10, 10,    │      5,568 │ block6f_dwconv[0… │
│ (BatchNormalizatio… │ 1392)             │            │                   │
├─────────────────────┼───────────────────┼────────────┼───────────────────┤
│ block6f_activation  │ (None, 10, 10,    │          0 │ block6f_bn[0][0]  │
│ (Activation)        │ 1392)             │            │                   │
├─────────────────────┼───────────────────┼────────────┼───────────────────┤
│ block6f_se_squeeze  │ (None, 1392)      │          0 │ block6f_activati… │
│ (GlobalAveragePool… │                   │            │                   │
├─────────────────────┼───────────────────┼────────────┼───────────────────┤
│ block6f_se_reshape  │ (None, 1, 1,      │          0 │ block6f_se_squee… │
│ (Reshape)           │ 1392)             │            │                   │
├─────────────────────┼───────────────────┼────────────┼───────────────────┤
│ block6f_se_reduce   │ (None, 1, 1, 58)  │     80,794 │ block6f_se_resha… │
│ (Conv2D)            │                   │            │                   │
├─────────────────────┼───────────────────┼────────────┼───────────────────┤
│ block6f_se_expand   │ (None, 1, 1,      │     82,128 │ block6f_se_reduc… │
│ (Conv2D)            │ 1392)             │            │                   │
├─────────────────────┼───────────────────┼────────────┼───────────────────┤
│ block6f_se_excite   │ (None, 10, 10,    │          0 │ block6f_activati… │
│ (Multiply)          │ 1392)             │            │ block6f_se_expan… │
├─────────────────────┼───────────────────┼────────────┼───────────────────┤
│ block6f_project_co… │ (None, 10, 10,    │    322,944 │ block6f_se_excit… │
│ (Conv2D)            │ 232)              │            │                   │
├─────────────────────┼───────────────────┼────────────┼───────────────────┤
│ block6f_project_bn  │ (None, 10, 10,    │        928 │ block6f_project_… │
│ (BatchNormalizatio… │ 232)              │            │                   │
├─────────────────────┼───────────────────┼────────────┼───────────────────┤
│ block6f_drop        │ (None, 10, 10,    │          0 │ block6f_project_… │
│ (Dropout)           │ 232)              │            │                   │
├─────────────────────┼───────────────────┼────────────┼───────────────────┤
│ block6f_add (Add)   │ (None, 10, 10,    │          0 │ block6f_drop[0][… │
│                     │ 232)              │            │ block6e_add[0][0] │
├─────────────────────┼───────────────────┼────────────┼───────────────────┤
│ block7a_expand_conv │ (None, 10, 10,    │    322,944 │ block6f_add[0][0] │
│ (Conv2D)            │ 1392)             │            │                   │
├─────────────────────┼───────────────────┼────────────┼───────────────────┤
│ block7a_expand_bn   │ (None, 10, 10,    │      5,568 │ block7a_expand_c… │
│ (BatchNormalizatio… │ 1392)             │            │                   │
├─────────────────────┼───────────────────┼────────────┼───────────────────┤
│ block7a_expand_act… │ (None, 10, 10,    │          0 │ block7a_expand_b… │
│ (Activation)        │ 1392)             │            │                   │
├─────────────────────┼───────────────────┼────────────┼───────────────────┤
│ block7a_dwconv      │ (None, 10, 10,    │     12,528 │ block7a_expand_a… │
│ (DepthwiseConv2D)   │ 1392)             │            │                   │
├─────────────────────┼───────────────────┼────────────┼───────────────────┤
│ block7a_bn          │ (None, 10, 10,    │      5,568 │ block7a_dwconv[0… │
│ (BatchNormalizatio… │ 1392)             │            │                   │
├─────────────────────┼───────────────────┼────────────┼───────────────────┤
│ block7a_activation  │ (None, 10, 10,    │          0 │ block7a_bn[0][0]  │
│ (Activation)        │ 1392)             │            │                   │
├─────────────────────┼───────────────────┼────────────┼───────────────────┤
│ block7a_se_squeeze  │ (None, 1392)      │          0 │ block7a_activati… │
│ (GlobalAveragePool… │                   │            │                   │
├─────────────────────┼───────────────────┼────────────┼───────────────────┤
│ block7a_se_reshape  │ (None, 1, 1,      │          0 │ block7a_se_squee… │
│ (Reshape)           │ 1392)             │            │                   │
├─────────────────────┼───────────────────┼────────────┼───────────────────┤
│ block7a_se_reduce   │ (None, 1, 1, 58)  │     80,794 │ block7a_se_resha… │
│ (Conv2D)            │                   │            │                   │
├─────────────────────┼───────────────────┼────────────┼───────────────────┤
│ block7a_se_expand   │ (None, 1, 1,      │     82,128 │ block7a_se_reduc… │
│ (Conv2D)            │ 1392)             │            │                   │
├─────────────────────┼───────────────────┼────────────┼───────────────────┤
│ block7a_se_excite   │ (None, 10, 10,    │          0 │ block7a_activati… │
│ (Multiply)          │ 1392)             │            │ block7a_se_expan… │
├─────────────────────┼───────────────────┼────────────┼───────────────────┤
│ block7a_project_co… │ (None, 10, 10,    │    534,528 │ block7a_se_excit… │
│ (Conv2D)            │ 384)              │            │                   │
├─────────────────────┼───────────────────┼────────────┼───────────────────┤
│ block7a_project_bn  │ (None, 10, 10,    │      1,536 │ block7a_project_… │
│ (BatchNormalizatio… │ 384)              │            │                   │
├─────────────────────┼───────────────────┼────────────┼───────────────────┤
│ block7b_expand_conv │ (None, 10, 10,    │    884,736 │ block7a_project_… │
│ (Conv2D)            │ 2304)             │            │                   │
├─────────────────────┼───────────────────┼────────────┼───────────────────┤
│ block7b_expand_bn   │ (None, 10, 10,    │      9,216 │ block7b_expand_c… │
│ (BatchNormalizatio… │ 2304)             │            │                   │
├─────────────────────┼───────────────────┼────────────┼───────────────────┤
│ block7b_expand_act… │ (None, 10, 10,    │          0 │ block7b_expand_b… │
│ (Activation)        │ 2304)             │            │                   │
├─────────────────────┼───────────────────┼────────────┼───────────────────┤
│ block7b_dwconv      │ (None, 10, 10,    │     20,736 │ block7b_expand_a… │
│ (DepthwiseConv2D)   │ 2304)             │            │                   │
├─────────────────────┼───────────────────┼────────────┼───────────────────┤
│ block7b_bn          │ (None, 10, 10,    │      9,216 │ block7b_dwconv[0… │
│ (BatchNormalizatio… │ 2304)             │            │                   │
├─────────────────────┼───────────────────┼────────────┼───────────────────┤
│ block7b_activation  │ (None, 10, 10,    │          0 │ block7b_bn[0][0]  │
│ (Activation)        │ 2304)             │            │                   │
├─────────────────────┼───────────────────┼────────────┼───────────────────┤
│ block7b_se_squeeze  │ (None, 2304)      │          0 │ block7b_activati… │
│ (GlobalAveragePool… │                   │            │                   │
├─────────────────────┼───────────────────┼────────────┼───────────────────┤
│ block7b_se_reshape  │ (None, 1, 1,      │          0 │ block7b_se_squee… │
│ (Reshape)           │ 2304)             │            │                   │
├─────────────────────┼───────────────────┼────────────┼───────────────────┤
│ block7b_se_reduce   │ (None, 1, 1, 96)  │    221,280 │ block7b_se_resha… │
│ (Conv2D)            │                   │            │                   │
├─────────────────────┼───────────────────┼────────────┼───────────────────┤
│ block7b_se_expand   │ (None, 1, 1,      │    223,488 │ block7b_se_reduc… │
│ (Conv2D)            │ 2304)             │            │                   │
├─────────────────────┼───────────────────┼────────────┼───────────────────┤
│ block7b_se_excite   │ (None, 10, 10,    │          0 │ block7b_activati… │
│ (Multiply)          │ 2304)             │            │ block7b_se_expan… │
├─────────────────────┼───────────────────┼────────────┼───────────────────┤
│ block7b_project_co… │ (None, 10, 10,    │    884,736 │ block7b_se_excit… │
│ (Conv2D)            │ 384)              │            │                   │
├─────────────────────┼───────────────────┼────────────┼───────────────────┤
│ block7b_project_bn  │ (None, 10, 10,    │      1,536 │ block7b_project_… │
│ (BatchNormalizatio… │ 384)              │            │                   │
├─────────────────────┼───────────────────┼────────────┼───────────────────┤
│ block7b_drop        │ (None, 10, 10,    │          0 │ block7b_project_… │
│ (Dropout)           │ 384)              │            │                   │
├─────────────────────┼───────────────────┼────────────┼───────────────────┤
│ block7b_add (Add)   │ (None, 10, 10,    │          0 │ block7b_drop[0][… │
│                     │ 384)              │            │ block7a_project_… │
├─────────────────────┼───────────────────┼────────────┼───────────────────┤
│ top_conv (Conv2D)   │ (None, 10, 10,    │    589,824 │ block7b_add[0][0] │
│                     │ 1536)             │            │                   │
├─────────────────────┼───────────────────┼────────────┼───────────────────┤
│ top_bn              │ (None, 10, 10,    │      6,144 │ top_conv[0][0]    │
│ (BatchNormalizatio… │ 1536)             │            │                   │
├─────────────────────┼───────────────────┼────────────┼───────────────────┤
│ top_activation      │ (None, 10, 10,    │          0 │ top_bn[0][0]      │
│ (Activation)        │ 1536)             │            │                   │
├─────────────────────┼───────────────────┼────────────┼───────────────────┤
│ global_average_poo… │ (None, 1536)      │          0 │ top_activation[0… │
│ (GlobalAveragePool… │                   │            │                   │
├─────────────────────┼───────────────────┼────────────┼───────────────────┤
│ dropout (Dropout)   │ (None, 1536)      │          0 │ global_average_p… │
├─────────────────────┼───────────────────┼────────────┼───────────────────┤
│ dense (Dense)       │ (None, 128)       │    196,736 │ dropout[0][0]     │
├─────────────────────┼───────────────────┼────────────┼───────────────────┤
│ dropout_1 (Dropout) │ (None, 128)       │          0 │ dense[0][0]       │
├─────────────────────┼───────────────────┼────────────┼───────────────────┤
│ lambda (Lambda)     │ (None, 128)       │          0 │ dropout_1[0][0]   │
├─────────────────────┼───────────────────┼────────────┼───────────────────┤
│ dense_1 (Dense)     │ (None, 10)        │      1,290 │ lambda[0][0]      │
└─────────────────────┴───────────────────┴────────────┴───────────────────┘
 Total params: 10,981,561 (41.89 MB)
 Trainable params: 198,026 (773.54 KB)
 Non-trainable params: 10,783,535 (41.14 MB)
✅ Callbacks configurados

============================================================
🎯 FASE 1: ENTRENANDO CABEZA DE CLASIFICACIÓN
============================================================
Epoch 1/20

Epoch 1: val_accuracy improved from None to 0.89423, saving model to ./Estudios/Modelo/mejor_modelo_efficientnetb3_comb_text_train.keras

Epoch 1: finished saving model to ./Estudios/Modelo/mejor_modelo_efficientnetb3_comb_text_train.keras
77610/77610 - 2165s - 28ms/step - accuracy: 0.7953 - loss: 0.5955 - val_accuracy: 0.8942 - val_loss: 0.3176 - learning_rate: 0.0010
Epoch 2/20

Epoch 2: val_accuracy improved from 0.89423 to 0.90009, saving model to ./Estudios/Modelo/mejor_modelo_efficientnetb3_comb_text_train.keras

Epoch 2: finished saving model to ./Estudios/Modelo/mejor_modelo_efficientnetb3_comb_text_train.keras
77610/77610 - 2127s - 27ms/step - accuracy: 0.8284 - loss: 0.5024 - val_accuracy: 0.9001 - val_loss: 0.2917 - learning_rate: 0.0010
Epoch 3/20

Epoch 3: val_accuracy improved from 0.90009 to 0.90755, saving model to ./Estudios/Modelo/mejor_modelo_efficientnetb3_comb_text_train.keras

Epoch 3: finished saving model to ./Estudios/Modelo/mejor_modelo_efficientnetb3_comb_text_train.keras
77610/77610 - 2168s - 28ms/step - accuracy: 0.8371 - loss: 0.4791 - val_accuracy: 0.9076 - val_loss: 0.2778 - learning_rate: 0.0010
Epoch 4/20

Epoch 4: val_accuracy improved from 0.90755 to 0.91279, saving model to ./Estudios/Modelo/mejor_modelo_efficientnetb3_comb_text_train.keras

Epoch 4: finished saving model to ./Estudios/Modelo/mejor_modelo_efficientnetb3_comb_text_train.keras
77610/77610 - 2763s - 36ms/step - accuracy: 0.8417 - loss: 0.4672 - val_accuracy: 0.9128 - val_loss: 0.2588 - learning_rate: 0.0010
Epoch 5/20

Epoch 5: val_accuracy improved from 0.91279 to 0.91582, saving model to ./Estudios/Modelo/mejor_modelo_efficientnetb3_comb_text_train.keras

Epoch 5: finished saving model to ./Estudios/Modelo/mejor_modelo_efficientnetb3_comb_text_train.keras
77610/77610 - 3934s - 51ms/step - accuracy: 0.8448 - loss: 0.4603 - val_accuracy: 0.9158 - val_loss: 0.2542 - learning_rate: 0.0010
Epoch 6/20

Epoch 6: val_accuracy did not improve from 0.91582
77610/77610 - 3942s - 51ms/step - accuracy: 0.8468 - loss: 0.4555 - val_accuracy: 0.9122 - val_loss: 0.2566 - learning_rate: 0.0010
Epoch 7/20

Epoch 7: val_accuracy improved from 0.91582 to 0.91679, saving model to ./Estudios/Modelo/mejor_modelo_efficientnetb3_comb_text_train.keras

Epoch 7: finished saving model to ./Estudios/Modelo/mejor_modelo_efficientnetb3_comb_text_train.keras
77610/77610 - 3941s - 51ms/step - accuracy: 0.8484 - loss: 0.4513 - val_accuracy: 0.9168 - val_loss: 0.2488 - learning_rate: 0.0010
Epoch 8/20

Epoch 8: val_accuracy improved from 0.91679 to 0.91727, saving model to ./Estudios/Modelo/mejor_modelo_efficientnetb3_comb_text_train.keras

Epoch 8: finished saving model to ./Estudios/Modelo/mejor_modelo_efficientnetb3_comb_text_train.keras
77610/77610 - 3850s - 50ms/step - accuracy: 0.8494 - loss: 0.4488 - val_accuracy: 0.9173 - val_loss: 0.2491 - learning_rate: 0.0010
Epoch 9/20

Epoch 9: val_accuracy improved from 0.91727 to 0.91997, saving model to ./Estudios/Modelo/mejor_modelo_efficientnetb3_comb_text_train.keras

Epoch 9: finished saving model to ./Estudios/Modelo/mejor_modelo_efficientnetb3_comb_text_train.keras
77610/77610 - 3580s - 46ms/step - accuracy: 0.8509 - loss: 0.4456 - val_accuracy: 0.9200 - val_loss: 0.2436 - learning_rate: 0.0010
Epoch 10/20

Epoch 10: val_accuracy improved from 0.91997 to 0.92212, saving model to ./Estudios/Modelo/mejor_modelo_efficientnetb3_comb_text_train.keras

Epoch 10: finished saving model to ./Estudios/Modelo/mejor_modelo_efficientnetb3_comb_text_train.keras
77610/77610 - 3088s - 40ms/step - accuracy: 0.8512 - loss: 0.4453 - val_accuracy: 0.9221 - val_loss: 0.2442 - learning_rate: 0.0010
Epoch 11/20

Epoch 11: val_accuracy did not improve from 0.92212
77610/77610 - 2739s - 35ms/step - accuracy: 0.8525 - loss: 0.4435 - val_accuracy: 0.9166 - val_loss: 0.2451 - learning_rate: 0.0010
Epoch 12/20

Epoch 12: val_accuracy improved from 0.92212 to 0.92252, saving model to ./Estudios/Modelo/mejor_modelo_efficientnetb3_comb_text_train.keras

Epoch 12: finished saving model to ./Estudios/Modelo/mejor_modelo_efficientnetb3_comb_text_train.keras
77610/77610 - 3560s - 46ms/step - accuracy: 0.8523 - loss: 0.4426 - val_accuracy: 0.9225 - val_loss: 0.2350 - learning_rate: 0.0010
Epoch 13/20

Epoch 13: val_accuracy improved from 0.92252 to 0.92382, saving model to ./Estudios/Modelo/mejor_modelo_efficientnetb3_comb_text_train.keras

Epoch 13: finished saving model to ./Estudios/Modelo/mejor_modelo_efficientnetb3_comb_text_train.keras
77610/77610 - 3963s - 51ms/step - accuracy: 0.8530 - loss: 0.4408 - val_accuracy: 0.9238 - val_loss: 0.2403 - learning_rate: 0.0010
Epoch 14/20

Epoch 14: val_accuracy did not improve from 0.92382
77610/77610 - 3952s - 51ms/step - accuracy: 0.8532 - loss: 0.4410 - val_accuracy: 0.9213 - val_loss: 0.2359 - learning_rate: 0.0010
Epoch 15/20

Epoch 15: val_accuracy improved from 0.92382 to 0.92546, saving model to ./Estudios/Modelo/mejor_modelo_efficientnetb3_comb_text_train.keras

Epoch 15: finished saving model to ./Estudios/Modelo/mejor_modelo_efficientnetb3_comb_text_train.keras
77610/77610 - 3934s - 51ms/step - accuracy: 0.8538 - loss: 0.4405 - val_accuracy: 0.9255 - val_loss: 0.2297 - learning_rate: 0.0010
Epoch 16/20

Epoch 16: val_accuracy did not improve from 0.92546
77610/77610 - 3915s - 50ms/step - accuracy: 0.8545 - loss: 0.4402 - val_accuracy: 0.9211 - val_loss: 0.2350 - learning_rate: 0.0010
Epoch 17/20

Epoch 17: val_accuracy did not improve from 0.92546
77610/77610 - 3916s - 50ms/step - accuracy: 0.8545 - loss: 0.4387 - val_accuracy: 0.9181 - val_loss: 0.2358 - learning_rate: 0.0010
Epoch 18/20

Epoch 18: val_accuracy did not improve from 0.92546

Epoch 18: ReduceLROnPlateau reducing learning rate to 0.00020000000949949026.
77610/77610 - 3920s - 51ms/step - accuracy: 0.8552 - loss: 0.4379 - val_accuracy: 0.9222 - val_loss: 0.2367 - learning_rate: 0.0010
Epoch 19/20

Epoch 19: val_accuracy improved from 0.92546 to 0.93035, saving model to ./Estudios/Modelo/mejor_modelo_efficientnetb3_comb_text_train.keras

Epoch 19: finished saving model to ./Estudios/Modelo/mejor_modelo_efficientnetb3_comb_text_train.keras
77610/77610 - 3914s - 50ms/step - accuracy: 0.8657 - loss: 0.4040 - val_accuracy: 0.9304 - val_loss: 0.2136 - learning_rate: 2.0000e-04
Epoch 20/20

Epoch 20: val_accuracy improved from 0.93035 to 0.93111, saving model to ./Estudios/Modelo/mejor_modelo_efficientnetb3_comb_text_train.keras

Epoch 20: finished saving model to ./Estudios/Modelo/mejor_modelo_efficientnetb3_comb_text_train.keras
77610/77610 - 3870s - 50ms/step - accuracy: 0.8666 - loss: 0.3987 - val_accuracy: 0.9311 - val_loss: 0.2126 - learning_rate: 2.0000e-04
Restoring model weights from the end of the best epoch: 20.

✅ Fase 1 completada en 1154.05 minutos

============================================================
🎯 FASE 2: FINE-TUNING (últimas 30 capas)
============================================================
Epoch 1/10

Epoch 1: val_accuracy improved from None to 0.94781, saving model to ./Estudios/Modelo/mejor_modelo_efficientnetb3_comb_text_train_ft.keras

Epoch 1: finished saving model to ./Estudios/Modelo/mejor_modelo_efficientnetb3_comb_text_train_ft.keras
77610/77610 - 4360s - 56ms/step - accuracy: 0.8540 - loss: 0.5489 - val_accuracy: 0.9478 - val_loss: 0.1690 - learning_rate: 1.0000e-05
Epoch 2/10

Epoch 2: val_accuracy improved from 0.94781 to 0.96004, saving model to ./Estudios/Modelo/mejor_modelo_efficientnetb3_comb_text_train_ft.keras

Epoch 2: finished saving model to ./Estudios/Modelo/mejor_modelo_efficientnetb3_comb_text_train_ft.keras
77610/77610 - 4290s - 55ms/step - accuracy: 0.9166 - loss: 0.2560 - val_accuracy: 0.9600 - val_loss: 0.1277 - learning_rate: 1.0000e-05
Epoch 3/10

Epoch 3: val_accuracy improved from 0.96004 to 0.96805, saving model to ./Estudios/Modelo/mejor_modelo_efficientnetb3_comb_text_train_ft.keras

Epoch 3: finished saving model to ./Estudios/Modelo/mejor_modelo_efficientnetb3_comb_text_train_ft.keras
77610/77610 - 4270s - 55ms/step - accuracy: 0.9333 - loss: 0.2056 - val_accuracy: 0.9681 - val_loss: 0.1019 - learning_rate: 1.0000e-05
Epoch 4/10

Epoch 4: val_accuracy improved from 0.96805 to 0.97213, saving model to ./Estudios/Modelo/mejor_modelo_efficientnetb3_comb_text_train_ft.keras

Epoch 4: finished saving model to ./Estudios/Modelo/mejor_modelo_efficientnetb3_comb_text_train_ft.keras
77610/77610 - 4279s - 55ms/step - accuracy: 0.9433 - loss: 0.1748 - val_accuracy: 0.9721 - val_loss: 0.0877 - learning_rate: 1.0000e-05
Epoch 5/10

Epoch 5: val_accuracy improved from 0.97213 to 0.97518, saving model to ./Estudios/Modelo/mejor_modelo_efficientnetb3_comb_text_train_ft.keras

Epoch 5: finished saving model to ./Estudios/Modelo/mejor_modelo_efficientnetb3_comb_text_train_ft.keras
77610/77610 - 3657s - 47ms/step - accuracy: 0.9502 - loss: 0.1535 - val_accuracy: 0.9752 - val_loss: 0.0796 - learning_rate: 1.0000e-05
Epoch 6/10

Epoch 6: val_accuracy improved from 0.97518 to 0.97775, saving model to ./Estudios/Modelo/mejor_modelo_efficientnetb3_comb_text_train_ft.keras

Epoch 6: finished saving model to ./Estudios/Modelo/mejor_modelo_efficientnetb3_comb_text_train_ft.keras
77610/77610 - 4241s - 55ms/step - accuracy: 0.9553 - loss: 0.1389 - val_accuracy: 0.9777 - val_loss: 0.0711 - learning_rate: 1.0000e-05
Epoch 7/10

Epoch 7: val_accuracy improved from 0.97775 to 0.98000, saving model to ./Estudios/Modelo/mejor_modelo_efficientnetb3_comb_text_train_ft.keras

Epoch 7: finished saving model to ./Estudios/Modelo/mejor_modelo_efficientnetb3_comb_text_train_ft.keras
77610/77610 - 4217s - 54ms/step - accuracy: 0.9589 - loss: 0.1271 - val_accuracy: 0.9800 - val_loss: 0.0635 - learning_rate: 1.0000e-05
Epoch 8/10

Epoch 8: val_accuracy improved from 0.98000 to 0.98068, saving model to ./Estudios/Modelo/mejor_modelo_efficientnetb3_comb_text_train_ft.keras

Epoch 8: finished saving model to ./Estudios/Modelo/mejor_modelo_efficientnetb3_comb_text_train_ft.keras
77610/77610 - 4226s - 54ms/step - accuracy: 0.9619 - loss: 0.1174 - val_accuracy: 0.9807 - val_loss: 0.0606 - learning_rate: 1.0000e-05
Epoch 9/10

Epoch 9: val_accuracy improved from 0.98068 to 0.98266, saving model to ./Estudios/Modelo/mejor_modelo_efficientnetb3_comb_text_train_ft.keras

Epoch 9: finished saving model to ./Estudios/Modelo/mejor_modelo_efficientnetb3_comb_text_train_ft.keras
77610/77610 - 4226s - 54ms/step - accuracy: 0.9643 - loss: 0.1098 - val_accuracy: 0.9827 - val_loss: 0.0553 - learning_rate: 1.0000e-05
Epoch 10/10

Epoch 10: val_accuracy improved from 0.98266 to 0.98359, saving model to ./Estudios/Modelo/mejor_modelo_efficientnetb3_comb_text_train_ft.keras

Epoch 10: finished saving model to ./Estudios/Modelo/mejor_modelo_efficientnetb3_comb_text_train_ft.keras
77610/77610 - 4224s - 54ms/step - accuracy: 0.9667 - loss: 0.1028 - val_accuracy: 0.9836 - val_loss: 0.0525 - learning_rate: 1.0000e-05
Restoring model weights from the end of the best epoch: 10.

✅ Fase 2 completada en 699.84 minutos
Métricas guardadas en: ./Estudios/Entrenamiento/EfficientNetB3_2026-06-02_comb_text_train.txt

============================================================
📊 GENERANDO GRÁFICAS DE ENTRENAMIENTO
============================================================
✅ Gráfica de Accuracy guardada en: ./Estudios/Graficas/acc_fase1_modelo_efficientnetb3_comb_text_train.png
✅ Gráfica de Loss guardada en: ./Estudios/Graficas/loss_fase1_modelo_efficientnetb3_comb_text_train.png
✅ Gráfica de Accuracy guardada en: ./Estudios/Graficas/acc_fase2_modelo_efficientnetb3_comb_text_train.png
✅ Gráfica de Loss guardada en: ./Estudios/Graficas/loss_fase2_modelo_efficientnetb3_comb_text_train.png

✅ Todo completado.
Job finalizado: Wed Jun  3 07:12:09 PM CEST 2026
