🚀 Iniciando job: 1400
📅 Fecha: Mon Apr  6 13:37:41 CEST 2026
🖥️  Nodo: portobelo
🎮 GPU: NVIDIA L40S
NVIDIA L40S
NVIDIA L40S
GPUs disponibles: [PhysicalDevice(name='/physical_device:GPU:0', device_type='GPU')]
Configuración lista
Found 1379716 files belonging to 9 classes.
Using 1241745 files for training.
Found 1379716 files belonging to 9 classes.
Using 137971 files for validation.
Found 1088671 files belonging to 9 classes.

Datasets listos 🚀

Resumen del modelo:
Model: "functional"
┏━━━━━━━━━━━━━━━━━━━━━━━━━━━━━━━┳━━━━━━━━━━━━━━━━━━━━━━━━━━━┳━━━━━━━━━━━━━━━━━┳━━━━━━━━━━━━━━━━━━━━━━━━━━━━┓
┃ Layer (type)                  ┃ Output Shape              ┃         Param # ┃ Connected to               ┃
┡━━━━━━━━━━━━━━━━━━━━━━━━━━━━━━━╇━━━━━━━━━━━━━━━━━━━━━━━━━━━╇━━━━━━━━━━━━━━━━━╇━━━━━━━━━━━━━━━━━━━━━━━━━━━━┩
│ input_layer (InputLayer)      │ (None, 300, 300, 3)       │               0 │ -                          │
├───────────────────────────────┼───────────────────────────┼─────────────────┼────────────────────────────┤
│ rescaling (Rescaling)         │ (None, 300, 300, 3)       │               0 │ input_layer[0][0]          │
├───────────────────────────────┼───────────────────────────┼─────────────────┼────────────────────────────┤
│ normalization (Normalization) │ (None, 300, 300, 3)       │               7 │ rescaling[0][0]            │
├───────────────────────────────┼───────────────────────────┼─────────────────┼────────────────────────────┤
│ rescaling_1 (Rescaling)       │ (None, 300, 300, 3)       │               0 │ normalization[0][0]        │
├───────────────────────────────┼───────────────────────────┼─────────────────┼────────────────────────────┤
│ stem_conv_pad (ZeroPadding2D) │ (None, 301, 301, 3)       │               0 │ rescaling_1[0][0]          │
├───────────────────────────────┼───────────────────────────┼─────────────────┼────────────────────────────┤
│ stem_conv (Conv2D)            │ (None, 150, 150, 40)      │           1,080 │ stem_conv_pad[0][0]        │
├───────────────────────────────┼───────────────────────────┼─────────────────┼────────────────────────────┤
│ stem_bn (BatchNormalization)  │ (None, 150, 150, 40)      │             160 │ stem_conv[0][0]            │
├───────────────────────────────┼───────────────────────────┼─────────────────┼────────────────────────────┤
│ stem_activation (Activation)  │ (None, 150, 150, 40)      │               0 │ stem_bn[0][0]              │
├───────────────────────────────┼───────────────────────────┼─────────────────┼────────────────────────────┤
│ block1a_dwconv                │ (None, 150, 150, 40)      │             360 │ stem_activation[0][0]      │
│ (DepthwiseConv2D)             │                           │                 │                            │
├───────────────────────────────┼───────────────────────────┼─────────────────┼────────────────────────────┤
│ block1a_bn                    │ (None, 150, 150, 40)      │             160 │ block1a_dwconv[0][0]       │
│ (BatchNormalization)          │                           │                 │                            │
├───────────────────────────────┼───────────────────────────┼─────────────────┼────────────────────────────┤
│ block1a_activation            │ (None, 150, 150, 40)      │               0 │ block1a_bn[0][0]           │
│ (Activation)                  │                           │                 │                            │
├───────────────────────────────┼───────────────────────────┼─────────────────┼────────────────────────────┤
│ block1a_se_squeeze            │ (None, 40)                │               0 │ block1a_activation[0][0]   │
│ (GlobalAveragePooling2D)      │                           │                 │                            │
├───────────────────────────────┼───────────────────────────┼─────────────────┼────────────────────────────┤
│ block1a_se_reshape (Reshape)  │ (None, 1, 1, 40)          │               0 │ block1a_se_squeeze[0][0]   │
├───────────────────────────────┼───────────────────────────┼─────────────────┼────────────────────────────┤
│ block1a_se_reduce (Conv2D)    │ (None, 1, 1, 10)          │             410 │ block1a_se_reshape[0][0]   │
├───────────────────────────────┼───────────────────────────┼─────────────────┼────────────────────────────┤
│ block1a_se_expand (Conv2D)    │ (None, 1, 1, 40)          │             440 │ block1a_se_reduce[0][0]    │
├───────────────────────────────┼───────────────────────────┼─────────────────┼────────────────────────────┤
│ block1a_se_excite (Multiply)  │ (None, 150, 150, 40)      │               0 │ block1a_activation[0][0],  │
│                               │                           │                 │ block1a_se_expand[0][0]    │
├───────────────────────────────┼───────────────────────────┼─────────────────┼────────────────────────────┤
│ block1a_project_conv (Conv2D) │ (None, 150, 150, 24)      │             960 │ block1a_se_excite[0][0]    │
├───────────────────────────────┼───────────────────────────┼─────────────────┼────────────────────────────┤
│ block1a_project_bn            │ (None, 150, 150, 24)      │              96 │ block1a_project_conv[0][0] │
│ (BatchNormalization)          │                           │                 │                            │
├───────────────────────────────┼───────────────────────────┼─────────────────┼────────────────────────────┤
│ block1b_dwconv                │ (None, 150, 150, 24)      │             216 │ block1a_project_bn[0][0]   │
│ (DepthwiseConv2D)             │                           │                 │                            │
├───────────────────────────────┼───────────────────────────┼─────────────────┼────────────────────────────┤
│ block1b_bn                    │ (None, 150, 150, 24)      │              96 │ block1b_dwconv[0][0]       │
│ (BatchNormalization)          │                           │                 │                            │
├───────────────────────────────┼───────────────────────────┼─────────────────┼────────────────────────────┤
│ block1b_activation            │ (None, 150, 150, 24)      │               0 │ block1b_bn[0][0]           │
│ (Activation)                  │                           │                 │                            │
├───────────────────────────────┼───────────────────────────┼─────────────────┼────────────────────────────┤
│ block1b_se_squeeze            │ (None, 24)                │               0 │ block1b_activation[0][0]   │
│ (GlobalAveragePooling2D)      │                           │                 │                            │
├───────────────────────────────┼───────────────────────────┼─────────────────┼────────────────────────────┤
│ block1b_se_reshape (Reshape)  │ (None, 1, 1, 24)          │               0 │ block1b_se_squeeze[0][0]   │
├───────────────────────────────┼───────────────────────────┼─────────────────┼────────────────────────────┤
│ block1b_se_reduce (Conv2D)    │ (None, 1, 1, 6)           │             150 │ block1b_se_reshape[0][0]   │
├───────────────────────────────┼───────────────────────────┼─────────────────┼────────────────────────────┤
│ block1b_se_expand (Conv2D)    │ (None, 1, 1, 24)          │             168 │ block1b_se_reduce[0][0]    │
├───────────────────────────────┼───────────────────────────┼─────────────────┼────────────────────────────┤
│ block1b_se_excite (Multiply)  │ (None, 150, 150, 24)      │               0 │ block1b_activation[0][0],  │
│                               │                           │                 │ block1b_se_expand[0][0]    │
├───────────────────────────────┼───────────────────────────┼─────────────────┼────────────────────────────┤
│ block1b_project_conv (Conv2D) │ (None, 150, 150, 24)      │             576 │ block1b_se_excite[0][0]    │
├───────────────────────────────┼───────────────────────────┼─────────────────┼────────────────────────────┤
│ block1b_project_bn            │ (None, 150, 150, 24)      │              96 │ block1b_project_conv[0][0] │
│ (BatchNormalization)          │                           │                 │                            │
├───────────────────────────────┼───────────────────────────┼─────────────────┼────────────────────────────┤
│ block1b_drop (Dropout)        │ (None, 150, 150, 24)      │               0 │ block1b_project_bn[0][0]   │
├───────────────────────────────┼───────────────────────────┼─────────────────┼────────────────────────────┤
│ block1b_add (Add)             │ (None, 150, 150, 24)      │               0 │ block1b_drop[0][0],        │
│                               │                           │                 │ block1a_project_bn[0][0]   │
├───────────────────────────────┼───────────────────────────┼─────────────────┼────────────────────────────┤
│ block2a_expand_conv (Conv2D)  │ (None, 150, 150, 144)     │           3,456 │ block1b_add[0][0]          │
├───────────────────────────────┼───────────────────────────┼─────────────────┼────────────────────────────┤
│ block2a_expand_bn             │ (None, 150, 150, 144)     │             576 │ block2a_expand_conv[0][0]  │
│ (BatchNormalization)          │                           │                 │                            │
├───────────────────────────────┼───────────────────────────┼─────────────────┼────────────────────────────┤
│ block2a_expand_activation     │ (None, 150, 150, 144)     │               0 │ block2a_expand_bn[0][0]    │
│ (Activation)                  │                           │                 │                            │
├───────────────────────────────┼───────────────────────────┼─────────────────┼────────────────────────────┤
│ block2a_dwconv_pad            │ (None, 151, 151, 144)     │               0 │ block2a_expand_activation… │
│ (ZeroPadding2D)               │                           │                 │                            │
├───────────────────────────────┼───────────────────────────┼─────────────────┼────────────────────────────┤
│ block2a_dwconv                │ (None, 75, 75, 144)       │           1,296 │ block2a_dwconv_pad[0][0]   │
│ (DepthwiseConv2D)             │                           │                 │                            │
├───────────────────────────────┼───────────────────────────┼─────────────────┼────────────────────────────┤
│ block2a_bn                    │ (None, 75, 75, 144)       │             576 │ block2a_dwconv[0][0]       │
│ (BatchNormalization)          │                           │                 │                            │
├───────────────────────────────┼───────────────────────────┼─────────────────┼────────────────────────────┤
│ block2a_activation            │ (None, 75, 75, 144)       │               0 │ block2a_bn[0][0]           │
│ (Activation)                  │                           │                 │                            │
├───────────────────────────────┼───────────────────────────┼─────────────────┼────────────────────────────┤
│ block2a_se_squeeze            │ (None, 144)               │               0 │ block2a_activation[0][0]   │
│ (GlobalAveragePooling2D)      │                           │                 │                            │
├───────────────────────────────┼───────────────────────────┼─────────────────┼────────────────────────────┤
│ block2a_se_reshape (Reshape)  │ (None, 1, 1, 144)         │               0 │ block2a_se_squeeze[0][0]   │
├───────────────────────────────┼───────────────────────────┼─────────────────┼────────────────────────────┤
│ block2a_se_reduce (Conv2D)    │ (None, 1, 1, 6)           │             870 │ block2a_se_reshape[0][0]   │
├───────────────────────────────┼───────────────────────────┼─────────────────┼────────────────────────────┤
│ block2a_se_expand (Conv2D)    │ (None, 1, 1, 144)         │           1,008 │ block2a_se_reduce[0][0]    │
├───────────────────────────────┼───────────────────────────┼─────────────────┼────────────────────────────┤
│ block2a_se_excite (Multiply)  │ (None, 75, 75, 144)       │               0 │ block2a_activation[0][0],  │
│                               │                           │                 │ block2a_se_expand[0][0]    │
├───────────────────────────────┼───────────────────────────┼─────────────────┼────────────────────────────┤
│ block2a_project_conv (Conv2D) │ (None, 75, 75, 32)        │           4,608 │ block2a_se_excite[0][0]    │
├───────────────────────────────┼───────────────────────────┼─────────────────┼────────────────────────────┤
│ block2a_project_bn            │ (None, 75, 75, 32)        │             128 │ block2a_project_conv[0][0] │
│ (BatchNormalization)          │                           │                 │                            │
├───────────────────────────────┼───────────────────────────┼─────────────────┼────────────────────────────┤
│ block2b_expand_conv (Conv2D)  │ (None, 75, 75, 192)       │           6,144 │ block2a_project_bn[0][0]   │
├───────────────────────────────┼───────────────────────────┼─────────────────┼────────────────────────────┤
│ block2b_expand_bn             │ (None, 75, 75, 192)       │             768 │ block2b_expand_conv[0][0]  │
│ (BatchNormalization)          │                           │                 │                            │
├───────────────────────────────┼───────────────────────────┼─────────────────┼────────────────────────────┤
│ block2b_expand_activation     │ (None, 75, 75, 192)       │               0 │ block2b_expand_bn[0][0]    │
│ (Activation)                  │                           │                 │                            │
├───────────────────────────────┼───────────────────────────┼─────────────────┼────────────────────────────┤
│ block2b_dwconv                │ (None, 75, 75, 192)       │           1,728 │ block2b_expand_activation… │
│ (DepthwiseConv2D)             │                           │                 │                            │
├───────────────────────────────┼───────────────────────────┼─────────────────┼────────────────────────────┤
│ block2b_bn                    │ (None, 75, 75, 192)       │             768 │ block2b_dwconv[0][0]       │
│ (BatchNormalization)          │                           │                 │                            │
├───────────────────────────────┼───────────────────────────┼─────────────────┼────────────────────────────┤
│ block2b_activation            │ (None, 75, 75, 192)       │               0 │ block2b_bn[0][0]           │
│ (Activation)                  │                           │                 │                            │
├───────────────────────────────┼───────────────────────────┼─────────────────┼────────────────────────────┤
│ block2b_se_squeeze            │ (None, 192)               │               0 │ block2b_activation[0][0]   │
│ (GlobalAveragePooling2D)      │                           │                 │                            │
├───────────────────────────────┼───────────────────────────┼─────────────────┼────────────────────────────┤
│ block2b_se_reshape (Reshape)  │ (None, 1, 1, 192)         │               0 │ block2b_se_squeeze[0][0]   │
├───────────────────────────────┼───────────────────────────┼─────────────────┼────────────────────────────┤
│ block2b_se_reduce (Conv2D)    │ (None, 1, 1, 8)           │           1,544 │ block2b_se_reshape[0][0]   │
├───────────────────────────────┼───────────────────────────┼─────────────────┼────────────────────────────┤
│ block2b_se_expand (Conv2D)    │ (None, 1, 1, 192)         │           1,728 │ block2b_se_reduce[0][0]    │
├───────────────────────────────┼───────────────────────────┼─────────────────┼────────────────────────────┤
│ block2b_se_excite (Multiply)  │ (None, 75, 75, 192)       │               0 │ block2b_activation[0][0],  │
│                               │                           │                 │ block2b_se_expand[0][0]    │
├───────────────────────────────┼───────────────────────────┼─────────────────┼────────────────────────────┤
│ block2b_project_conv (Conv2D) │ (None, 75, 75, 32)        │           6,144 │ block2b_se_excite[0][0]    │
├───────────────────────────────┼───────────────────────────┼─────────────────┼────────────────────────────┤
│ block2b_project_bn            │ (None, 75, 75, 32)        │             128 │ block2b_project_conv[0][0] │
│ (BatchNormalization)          │                           │                 │                            │
├───────────────────────────────┼───────────────────────────┼─────────────────┼────────────────────────────┤
│ block2b_drop (Dropout)        │ (None, 75, 75, 32)        │               0 │ block2b_project_bn[0][0]   │
├───────────────────────────────┼───────────────────────────┼─────────────────┼────────────────────────────┤
│ block2b_add (Add)             │ (None, 75, 75, 32)        │               0 │ block2b_drop[0][0],        │
│                               │                           │                 │ block2a_project_bn[0][0]   │
├───────────────────────────────┼───────────────────────────┼─────────────────┼────────────────────────────┤
│ block2c_expand_conv (Conv2D)  │ (None, 75, 75, 192)       │           6,144 │ block2b_add[0][0]          │
├───────────────────────────────┼───────────────────────────┼─────────────────┼────────────────────────────┤
│ block2c_expand_bn             │ (None, 75, 75, 192)       │             768 │ block2c_expand_conv[0][0]  │
│ (BatchNormalization)          │                           │                 │                            │
├───────────────────────────────┼───────────────────────────┼─────────────────┼────────────────────────────┤
│ block2c_expand_activation     │ (None, 75, 75, 192)       │               0 │ block2c_expand_bn[0][0]    │
│ (Activation)                  │                           │                 │                            │
├───────────────────────────────┼───────────────────────────┼─────────────────┼────────────────────────────┤
│ block2c_dwconv                │ (None, 75, 75, 192)       │           1,728 │ block2c_expand_activation… │
│ (DepthwiseConv2D)             │                           │                 │                            │
├───────────────────────────────┼───────────────────────────┼─────────────────┼────────────────────────────┤
│ block2c_bn                    │ (None, 75, 75, 192)       │             768 │ block2c_dwconv[0][0]       │
│ (BatchNormalization)          │                           │                 │                            │
├───────────────────────────────┼───────────────────────────┼─────────────────┼────────────────────────────┤
│ block2c_activation            │ (None, 75, 75, 192)       │               0 │ block2c_bn[0][0]           │
│ (Activation)                  │                           │                 │                            │
├───────────────────────────────┼───────────────────────────┼─────────────────┼────────────────────────────┤
│ block2c_se_squeeze            │ (None, 192)               │               0 │ block2c_activation[0][0]   │
│ (GlobalAveragePooling2D)      │                           │                 │                            │
├───────────────────────────────┼───────────────────────────┼─────────────────┼────────────────────────────┤
│ block2c_se_reshape (Reshape)  │ (None, 1, 1, 192)         │               0 │ block2c_se_squeeze[0][0]   │
├───────────────────────────────┼───────────────────────────┼─────────────────┼────────────────────────────┤
│ block2c_se_reduce (Conv2D)    │ (None, 1, 1, 8)           │           1,544 │ block2c_se_reshape[0][0]   │
├───────────────────────────────┼───────────────────────────┼─────────────────┼────────────────────────────┤
│ block2c_se_expand (Conv2D)    │ (None, 1, 1, 192)         │           1,728 │ block2c_se_reduce[0][0]    │
├───────────────────────────────┼───────────────────────────┼─────────────────┼────────────────────────────┤
│ block2c_se_excite (Multiply)  │ (None, 75, 75, 192)       │               0 │ block2c_activation[0][0],  │
│                               │                           │                 │ block2c_se_expand[0][0]    │
├───────────────────────────────┼───────────────────────────┼─────────────────┼────────────────────────────┤
│ block2c_project_conv (Conv2D) │ (None, 75, 75, 32)        │           6,144 │ block2c_se_excite[0][0]    │
├───────────────────────────────┼───────────────────────────┼─────────────────┼────────────────────────────┤
│ block2c_project_bn            │ (None, 75, 75, 32)        │             128 │ block2c_project_conv[0][0] │
│ (BatchNormalization)          │                           │                 │                            │
├───────────────────────────────┼───────────────────────────┼─────────────────┼────────────────────────────┤
│ block2c_drop (Dropout)        │ (None, 75, 75, 32)        │               0 │ block2c_project_bn[0][0]   │
├───────────────────────────────┼───────────────────────────┼─────────────────┼────────────────────────────┤
│ block2c_add (Add)             │ (None, 75, 75, 32)        │               0 │ block2c_drop[0][0],        │
│                               │                           │                 │ block2b_add[0][0]          │
├───────────────────────────────┼───────────────────────────┼─────────────────┼────────────────────────────┤
│ block3a_expand_conv (Conv2D)  │ (None, 75, 75, 192)       │           6,144 │ block2c_add[0][0]          │
├───────────────────────────────┼───────────────────────────┼─────────────────┼────────────────────────────┤
│ block3a_expand_bn             │ (None, 75, 75, 192)       │             768 │ block3a_expand_conv[0][0]  │
│ (BatchNormalization)          │                           │                 │                            │
├───────────────────────────────┼───────────────────────────┼─────────────────┼────────────────────────────┤
│ block3a_expand_activation     │ (None, 75, 75, 192)       │               0 │ block3a_expand_bn[0][0]    │
│ (Activation)                  │                           │                 │                            │
├───────────────────────────────┼───────────────────────────┼─────────────────┼────────────────────────────┤
│ block3a_dwconv_pad            │ (None, 79, 79, 192)       │               0 │ block3a_expand_activation… │
│ (ZeroPadding2D)               │                           │                 │                            │
├───────────────────────────────┼───────────────────────────┼─────────────────┼────────────────────────────┤
│ block3a_dwconv                │ (None, 38, 38, 192)       │           4,800 │ block3a_dwconv_pad[0][0]   │
│ (DepthwiseConv2D)             │                           │                 │                            │
├───────────────────────────────┼───────────────────────────┼─────────────────┼────────────────────────────┤
│ block3a_bn                    │ (None, 38, 38, 192)       │             768 │ block3a_dwconv[0][0]       │
│ (BatchNormalization)          │                           │                 │                            │
├───────────────────────────────┼───────────────────────────┼─────────────────┼────────────────────────────┤
│ block3a_activation            │ (None, 38, 38, 192)       │               0 │ block3a_bn[0][0]           │
│ (Activation)                  │                           │                 │                            │
├───────────────────────────────┼───────────────────────────┼─────────────────┼────────────────────────────┤
│ block3a_se_squeeze            │ (None, 192)               │               0 │ block3a_activation[0][0]   │
│ (GlobalAveragePooling2D)      │                           │                 │                            │
├───────────────────────────────┼───────────────────────────┼─────────────────┼────────────────────────────┤
│ block3a_se_reshape (Reshape)  │ (None, 1, 1, 192)         │               0 │ block3a_se_squeeze[0][0]   │
├───────────────────────────────┼───────────────────────────┼─────────────────┼────────────────────────────┤
│ block3a_se_reduce (Conv2D)    │ (None, 1, 1, 8)           │           1,544 │ block3a_se_reshape[0][0]   │
├───────────────────────────────┼───────────────────────────┼─────────────────┼────────────────────────────┤
│ block3a_se_expand (Conv2D)    │ (None, 1, 1, 192)         │           1,728 │ block3a_se_reduce[0][0]    │
├───────────────────────────────┼───────────────────────────┼─────────────────┼────────────────────────────┤
│ block3a_se_excite (Multiply)  │ (None, 38, 38, 192)       │               0 │ block3a_activation[0][0],  │
│                               │                           │                 │ block3a_se_expand[0][0]    │
├───────────────────────────────┼───────────────────────────┼─────────────────┼────────────────────────────┤
│ block3a_project_conv (Conv2D) │ (None, 38, 38, 48)        │           9,216 │ block3a_se_excite[0][0]    │
├───────────────────────────────┼───────────────────────────┼─────────────────┼────────────────────────────┤
│ block3a_project_bn            │ (None, 38, 38, 48)        │             192 │ block3a_project_conv[0][0] │
│ (BatchNormalization)          │                           │                 │                            │
├───────────────────────────────┼───────────────────────────┼─────────────────┼────────────────────────────┤
│ block3b_expand_conv (Conv2D)  │ (None, 38, 38, 288)       │          13,824 │ block3a_project_bn[0][0]   │
├───────────────────────────────┼───────────────────────────┼─────────────────┼────────────────────────────┤
│ block3b_expand_bn             │ (None, 38, 38, 288)       │           1,152 │ block3b_expand_conv[0][0]  │
│ (BatchNormalization)          │                           │                 │                            │
├───────────────────────────────┼───────────────────────────┼─────────────────┼────────────────────────────┤
│ block3b_expand_activation     │ (None, 38, 38, 288)       │               0 │ block3b_expand_bn[0][0]    │
│ (Activation)                  │                           │                 │                            │
├───────────────────────────────┼───────────────────────────┼─────────────────┼────────────────────────────┤
│ block3b_dwconv                │ (None, 38, 38, 288)       │           7,200 │ block3b_expand_activation… │
│ (DepthwiseConv2D)             │                           │                 │                            │
├───────────────────────────────┼───────────────────────────┼─────────────────┼────────────────────────────┤
│ block3b_bn                    │ (None, 38, 38, 288)       │           1,152 │ block3b_dwconv[0][0]       │
│ (BatchNormalization)          │                           │                 │                            │
├───────────────────────────────┼───────────────────────────┼─────────────────┼────────────────────────────┤
│ block3b_activation            │ (None, 38, 38, 288)       │               0 │ block3b_bn[0][0]           │
│ (Activation)                  │                           │                 │                            │
├───────────────────────────────┼───────────────────────────┼─────────────────┼────────────────────────────┤
│ block3b_se_squeeze            │ (None, 288)               │               0 │ block3b_activation[0][0]   │
│ (GlobalAveragePooling2D)      │                           │                 │                            │
├───────────────────────────────┼───────────────────────────┼─────────────────┼────────────────────────────┤
│ block3b_se_reshape (Reshape)  │ (None, 1, 1, 288)         │               0 │ block3b_se_squeeze[0][0]   │
├───────────────────────────────┼───────────────────────────┼─────────────────┼────────────────────────────┤
│ block3b_se_reduce (Conv2D)    │ (None, 1, 1, 12)          │           3,468 │ block3b_se_reshape[0][0]   │
├───────────────────────────────┼───────────────────────────┼─────────────────┼────────────────────────────┤
│ block3b_se_expand (Conv2D)    │ (None, 1, 1, 288)         │           3,744 │ block3b_se_reduce[0][0]    │
├───────────────────────────────┼───────────────────────────┼─────────────────┼────────────────────────────┤
│ block3b_se_excite (Multiply)  │ (None, 38, 38, 288)       │               0 │ block3b_activation[0][0],  │
│                               │                           │                 │ block3b_se_expand[0][0]    │
├───────────────────────────────┼───────────────────────────┼─────────────────┼────────────────────────────┤
│ block3b_project_conv (Conv2D) │ (None, 38, 38, 48)        │          13,824 │ block3b_se_excite[0][0]    │
├───────────────────────────────┼───────────────────────────┼─────────────────┼────────────────────────────┤
│ block3b_project_bn            │ (None, 38, 38, 48)        │             192 │ block3b_project_conv[0][0] │
│ (BatchNormalization)          │                           │                 │                            │
├───────────────────────────────┼───────────────────────────┼─────────────────┼────────────────────────────┤
│ block3b_drop (Dropout)        │ (None, 38, 38, 48)        │               0 │ block3b_project_bn[0][0]   │
├───────────────────────────────┼───────────────────────────┼─────────────────┼────────────────────────────┤
│ block3b_add (Add)             │ (None, 38, 38, 48)        │               0 │ block3b_drop[0][0],        │
│                               │                           │                 │ block3a_project_bn[0][0]   │
├───────────────────────────────┼───────────────────────────┼─────────────────┼────────────────────────────┤
│ block3c_expand_conv (Conv2D)  │ (None, 38, 38, 288)       │          13,824 │ block3b_add[0][0]          │
├───────────────────────────────┼───────────────────────────┼─────────────────┼────────────────────────────┤
│ block3c_expand_bn             │ (None, 38, 38, 288)       │           1,152 │ block3c_expand_conv[0][0]  │
│ (BatchNormalization)          │                           │                 │                            │
├───────────────────────────────┼───────────────────────────┼─────────────────┼────────────────────────────┤
│ block3c_expand_activation     │ (None, 38, 38, 288)       │               0 │ block3c_expand_bn[0][0]    │
│ (Activation)                  │                           │                 │                            │
├───────────────────────────────┼───────────────────────────┼─────────────────┼────────────────────────────┤
│ block3c_dwconv                │ (None, 38, 38, 288)       │           7,200 │ block3c_expand_activation… │
│ (DepthwiseConv2D)             │                           │                 │                            │
├───────────────────────────────┼───────────────────────────┼─────────────────┼────────────────────────────┤
│ block3c_bn                    │ (None, 38, 38, 288)       │           1,152 │ block3c_dwconv[0][0]       │
│ (BatchNormalization)          │                           │                 │                            │
├───────────────────────────────┼───────────────────────────┼─────────────────┼────────────────────────────┤
│ block3c_activation            │ (None, 38, 38, 288)       │               0 │ block3c_bn[0][0]           │
│ (Activation)                  │                           │                 │                            │
├───────────────────────────────┼───────────────────────────┼─────────────────┼────────────────────────────┤
│ block3c_se_squeeze            │ (None, 288)               │               0 │ block3c_activation[0][0]   │
│ (GlobalAveragePooling2D)      │                           │                 │                            │
├───────────────────────────────┼───────────────────────────┼─────────────────┼────────────────────────────┤
│ block3c_se_reshape (Reshape)  │ (None, 1, 1, 288)         │               0 │ block3c_se_squeeze[0][0]   │
├───────────────────────────────┼───────────────────────────┼─────────────────┼────────────────────────────┤
│ block3c_se_reduce (Conv2D)    │ (None, 1, 1, 12)          │           3,468 │ block3c_se_reshape[0][0]   │
├───────────────────────────────┼───────────────────────────┼─────────────────┼────────────────────────────┤
│ block3c_se_expand (Conv2D)    │ (None, 1, 1, 288)         │           3,744 │ block3c_se_reduce[0][0]    │
├───────────────────────────────┼───────────────────────────┼─────────────────┼────────────────────────────┤
│ block3c_se_excite (Multiply)  │ (None, 38, 38, 288)       │               0 │ block3c_activation[0][0],  │
│                               │                           │                 │ block3c_se_expand[0][0]    │
├───────────────────────────────┼───────────────────────────┼─────────────────┼────────────────────────────┤
│ block3c_project_conv (Conv2D) │ (None, 38, 38, 48)        │          13,824 │ block3c_se_excite[0][0]    │
├───────────────────────────────┼───────────────────────────┼─────────────────┼────────────────────────────┤
│ block3c_project_bn            │ (None, 38, 38, 48)        │             192 │ block3c_project_conv[0][0] │
│ (BatchNormalization)          │                           │                 │                            │
├───────────────────────────────┼───────────────────────────┼─────────────────┼────────────────────────────┤
│ block3c_drop (Dropout)        │ (None, 38, 38, 48)        │               0 │ block3c_project_bn[0][0]   │
├───────────────────────────────┼───────────────────────────┼─────────────────┼────────────────────────────┤
│ block3c_add (Add)             │ (None, 38, 38, 48)        │               0 │ block3c_drop[0][0],        │
│                               │                           │                 │ block3b_add[0][0]          │
├───────────────────────────────┼───────────────────────────┼─────────────────┼────────────────────────────┤
│ block4a_expand_conv (Conv2D)  │ (None, 38, 38, 288)       │          13,824 │ block3c_add[0][0]          │
├───────────────────────────────┼───────────────────────────┼─────────────────┼────────────────────────────┤
│ block4a_expand_bn             │ (None, 38, 38, 288)       │           1,152 │ block4a_expand_conv[0][0]  │
│ (BatchNormalization)          │                           │                 │                            │
├───────────────────────────────┼───────────────────────────┼─────────────────┼────────────────────────────┤
│ block4a_expand_activation     │ (None, 38, 38, 288)       │               0 │ block4a_expand_bn[0][0]    │
│ (Activation)                  │                           │                 │                            │
├───────────────────────────────┼───────────────────────────┼─────────────────┼────────────────────────────┤
│ block4a_dwconv_pad            │ (None, 39, 39, 288)       │               0 │ block4a_expand_activation… │
│ (ZeroPadding2D)               │                           │                 │                            │
├───────────────────────────────┼───────────────────────────┼─────────────────┼────────────────────────────┤
│ block4a_dwconv                │ (None, 19, 19, 288)       │           2,592 │ block4a_dwconv_pad[0][0]   │
│ (DepthwiseConv2D)             │                           │                 │                            │
├───────────────────────────────┼───────────────────────────┼─────────────────┼────────────────────────────┤
│ block4a_bn                    │ (None, 19, 19, 288)       │           1,152 │ block4a_dwconv[0][0]       │
│ (BatchNormalization)          │                           │                 │                            │
├───────────────────────────────┼───────────────────────────┼─────────────────┼────────────────────────────┤
│ block4a_activation            │ (None, 19, 19, 288)       │               0 │ block4a_bn[0][0]           │
│ (Activation)                  │                           │                 │                            │
├───────────────────────────────┼───────────────────────────┼─────────────────┼────────────────────────────┤
│ block4a_se_squeeze            │ (None, 288)               │               0 │ block4a_activation[0][0]   │
│ (GlobalAveragePooling2D)      │                           │                 │                            │
├───────────────────────────────┼───────────────────────────┼─────────────────┼────────────────────────────┤
│ block4a_se_reshape (Reshape)  │ (None, 1, 1, 288)         │               0 │ block4a_se_squeeze[0][0]   │
├───────────────────────────────┼───────────────────────────┼─────────────────┼────────────────────────────┤
│ block4a_se_reduce (Conv2D)    │ (None, 1, 1, 12)          │           3,468 │ block4a_se_reshape[0][0]   │
├───────────────────────────────┼───────────────────────────┼─────────────────┼────────────────────────────┤
│ block4a_se_expand (Conv2D)    │ (None, 1, 1, 288)         │           3,744 │ block4a_se_reduce[0][0]    │
├───────────────────────────────┼───────────────────────────┼─────────────────┼────────────────────────────┤
│ block4a_se_excite (Multiply)  │ (None, 19, 19, 288)       │               0 │ block4a_activation[0][0],  │
│                               │                           │                 │ block4a_se_expand[0][0]    │
├───────────────────────────────┼───────────────────────────┼─────────────────┼────────────────────────────┤
│ block4a_project_conv (Conv2D) │ (None, 19, 19, 96)        │          27,648 │ block4a_se_excite[0][0]    │
├───────────────────────────────┼───────────────────────────┼─────────────────┼────────────────────────────┤
│ block4a_project_bn            │ (None, 19, 19, 96)        │             384 │ block4a_project_conv[0][0] │
│ (BatchNormalization)          │                           │                 │                            │
├───────────────────────────────┼───────────────────────────┼─────────────────┼────────────────────────────┤
│ block4b_expand_conv (Conv2D)  │ (None, 19, 19, 576)       │          55,296 │ block4a_project_bn[0][0]   │
├───────────────────────────────┼───────────────────────────┼─────────────────┼────────────────────────────┤
│ block4b_expand_bn             │ (None, 19, 19, 576)       │           2,304 │ block4b_expand_conv[0][0]  │
│ (BatchNormalization)          │                           │                 │                            │
├───────────────────────────────┼───────────────────────────┼─────────────────┼────────────────────────────┤
│ block4b_expand_activation     │ (None, 19, 19, 576)       │               0 │ block4b_expand_bn[0][0]    │
│ (Activation)                  │                           │                 │                            │
├───────────────────────────────┼───────────────────────────┼─────────────────┼────────────────────────────┤
│ block4b_dwconv                │ (None, 19, 19, 576)       │           5,184 │ block4b_expand_activation… │
│ (DepthwiseConv2D)             │                           │                 │                            │
├───────────────────────────────┼───────────────────────────┼─────────────────┼────────────────────────────┤
│ block4b_bn                    │ (None, 19, 19, 576)       │           2,304 │ block4b_dwconv[0][0]       │
│ (BatchNormalization)          │                           │                 │                            │
├───────────────────────────────┼───────────────────────────┼─────────────────┼────────────────────────────┤
│ block4b_activation            │ (None, 19, 19, 576)       │               0 │ block4b_bn[0][0]           │
│ (Activation)                  │                           │                 │                            │
├───────────────────────────────┼───────────────────────────┼─────────────────┼────────────────────────────┤
│ block4b_se_squeeze            │ (None, 576)               │               0 │ block4b_activation[0][0]   │
│ (GlobalAveragePooling2D)      │                           │                 │                            │
├───────────────────────────────┼───────────────────────────┼─────────────────┼────────────────────────────┤
│ block4b_se_reshape (Reshape)  │ (None, 1, 1, 576)         │               0 │ block4b_se_squeeze[0][0]   │
├───────────────────────────────┼───────────────────────────┼─────────────────┼────────────────────────────┤
│ block4b_se_reduce (Conv2D)    │ (None, 1, 1, 24)          │          13,848 │ block4b_se_reshape[0][0]   │
├───────────────────────────────┼───────────────────────────┼─────────────────┼────────────────────────────┤
│ block4b_se_expand (Conv2D)    │ (None, 1, 1, 576)         │          14,400 │ block4b_se_reduce[0][0]    │
├───────────────────────────────┼───────────────────────────┼─────────────────┼────────────────────────────┤
│ block4b_se_excite (Multiply)  │ (None, 19, 19, 576)       │               0 │ block4b_activation[0][0],  │
│                               │                           │                 │ block4b_se_expand[0][0]    │
├───────────────────────────────┼───────────────────────────┼─────────────────┼────────────────────────────┤
│ block4b_project_conv (Conv2D) │ (None, 19, 19, 96)        │          55,296 │ block4b_se_excite[0][0]    │
├───────────────────────────────┼───────────────────────────┼─────────────────┼────────────────────────────┤
│ block4b_project_bn            │ (None, 19, 19, 96)        │             384 │ block4b_project_conv[0][0] │
│ (BatchNormalization)          │                           │                 │                            │
├───────────────────────────────┼───────────────────────────┼─────────────────┼────────────────────────────┤
│ block4b_drop (Dropout)        │ (None, 19, 19, 96)        │               0 │ block4b_project_bn[0][0]   │
├───────────────────────────────┼───────────────────────────┼─────────────────┼────────────────────────────┤
│ block4b_add (Add)             │ (None, 19, 19, 96)        │               0 │ block4b_drop[0][0],        │
│                               │                           │                 │ block4a_project_bn[0][0]   │
├───────────────────────────────┼───────────────────────────┼─────────────────┼────────────────────────────┤
│ block4c_expand_conv (Conv2D)  │ (None, 19, 19, 576)       │          55,296 │ block4b_add[0][0]          │
├───────────────────────────────┼───────────────────────────┼─────────────────┼────────────────────────────┤
│ block4c_expand_bn             │ (None, 19, 19, 576)       │           2,304 │ block4c_expand_conv[0][0]  │
│ (BatchNormalization)          │                           │                 │                            │
├───────────────────────────────┼───────────────────────────┼─────────────────┼────────────────────────────┤
│ block4c_expand_activation     │ (None, 19, 19, 576)       │               0 │ block4c_expand_bn[0][0]    │
│ (Activation)                  │                           │                 │                            │
├───────────────────────────────┼───────────────────────────┼─────────────────┼────────────────────────────┤
│ block4c_dwconv                │ (None, 19, 19, 576)       │           5,184 │ block4c_expand_activation… │
│ (DepthwiseConv2D)             │                           │                 │                            │
├───────────────────────────────┼───────────────────────────┼─────────────────┼────────────────────────────┤
│ block4c_bn                    │ (None, 19, 19, 576)       │           2,304 │ block4c_dwconv[0][0]       │
│ (BatchNormalization)          │                           │                 │                            │
├───────────────────────────────┼───────────────────────────┼─────────────────┼────────────────────────────┤
│ block4c_activation            │ (None, 19, 19, 576)       │               0 │ block4c_bn[0][0]           │
│ (Activation)                  │                           │                 │                            │
├───────────────────────────────┼───────────────────────────┼─────────────────┼────────────────────────────┤
│ block4c_se_squeeze            │ (None, 576)               │               0 │ block4c_activation[0][0]   │
│ (GlobalAveragePooling2D)      │                           │                 │                            │
├───────────────────────────────┼───────────────────────────┼─────────────────┼────────────────────────────┤
│ block4c_se_reshape (Reshape)  │ (None, 1, 1, 576)         │               0 │ block4c_se_squeeze[0][0]   │
├───────────────────────────────┼───────────────────────────┼─────────────────┼────────────────────────────┤
│ block4c_se_reduce (Conv2D)    │ (None, 1, 1, 24)          │          13,848 │ block4c_se_reshape[0][0]   │
├───────────────────────────────┼───────────────────────────┼─────────────────┼────────────────────────────┤
│ block4c_se_expand (Conv2D)    │ (None, 1, 1, 576)         │          14,400 │ block4c_se_reduce[0][0]    │
├───────────────────────────────┼───────────────────────────┼─────────────────┼────────────────────────────┤
│ block4c_se_excite (Multiply)  │ (None, 19, 19, 576)       │               0 │ block4c_activation[0][0],  │
│                               │                           │                 │ block4c_se_expand[0][0]    │
├───────────────────────────────┼───────────────────────────┼─────────────────┼────────────────────────────┤
│ block4c_project_conv (Conv2D) │ (None, 19, 19, 96)        │          55,296 │ block4c_se_excite[0][0]    │
├───────────────────────────────┼───────────────────────────┼─────────────────┼────────────────────────────┤
│ block4c_project_bn            │ (None, 19, 19, 96)        │             384 │ block4c_project_conv[0][0] │
│ (BatchNormalization)          │                           │                 │                            │
├───────────────────────────────┼───────────────────────────┼─────────────────┼────────────────────────────┤
│ block4c_drop (Dropout)        │ (None, 19, 19, 96)        │               0 │ block4c_project_bn[0][0]   │
├───────────────────────────────┼───────────────────────────┼─────────────────┼────────────────────────────┤
│ block4c_add (Add)             │ (None, 19, 19, 96)        │               0 │ block4c_drop[0][0],        │
│                               │                           │                 │ block4b_add[0][0]          │
├───────────────────────────────┼───────────────────────────┼─────────────────┼────────────────────────────┤
│ block4d_expand_conv (Conv2D)  │ (None, 19, 19, 576)       │          55,296 │ block4c_add[0][0]          │
├───────────────────────────────┼───────────────────────────┼─────────────────┼────────────────────────────┤
│ block4d_expand_bn             │ (None, 19, 19, 576)       │           2,304 │ block4d_expand_conv[0][0]  │
│ (BatchNormalization)          │                           │                 │                            │
├───────────────────────────────┼───────────────────────────┼─────────────────┼────────────────────────────┤
│ block4d_expand_activation     │ (None, 19, 19, 576)       │               0 │ block4d_expand_bn[0][0]    │
│ (Activation)                  │                           │                 │                            │
├───────────────────────────────┼───────────────────────────┼─────────────────┼────────────────────────────┤
│ block4d_dwconv                │ (None, 19, 19, 576)       │           5,184 │ block4d_expand_activation… │
│ (DepthwiseConv2D)             │                           │                 │                            │
├───────────────────────────────┼───────────────────────────┼─────────────────┼────────────────────────────┤
│ block4d_bn                    │ (None, 19, 19, 576)       │           2,304 │ block4d_dwconv[0][0]       │
│ (BatchNormalization)          │                           │                 │                            │
├───────────────────────────────┼───────────────────────────┼─────────────────┼────────────────────────────┤
│ block4d_activation            │ (None, 19, 19, 576)       │               0 │ block4d_bn[0][0]           │
│ (Activation)                  │                           │                 │                            │
├───────────────────────────────┼───────────────────────────┼─────────────────┼────────────────────────────┤
│ block4d_se_squeeze            │ (None, 576)               │               0 │ block4d_activation[0][0]   │
│ (GlobalAveragePooling2D)      │                           │                 │                            │
├───────────────────────────────┼───────────────────────────┼─────────────────┼────────────────────────────┤
│ block4d_se_reshape (Reshape)  │ (None, 1, 1, 576)         │               0 │ block4d_se_squeeze[0][0]   │
├───────────────────────────────┼───────────────────────────┼─────────────────┼────────────────────────────┤
│ block4d_se_reduce (Conv2D)    │ (None, 1, 1, 24)          │          13,848 │ block4d_se_reshape[0][0]   │
├───────────────────────────────┼───────────────────────────┼─────────────────┼────────────────────────────┤
│ block4d_se_expand (Conv2D)    │ (None, 1, 1, 576)         │          14,400 │ block4d_se_reduce[0][0]    │
├───────────────────────────────┼───────────────────────────┼─────────────────┼────────────────────────────┤
│ block4d_se_excite (Multiply)  │ (None, 19, 19, 576)       │               0 │ block4d_activation[0][0],  │
│                               │                           │                 │ block4d_se_expand[0][0]    │
├───────────────────────────────┼───────────────────────────┼─────────────────┼────────────────────────────┤
│ block4d_project_conv (Conv2D) │ (None, 19, 19, 96)        │          55,296 │ block4d_se_excite[0][0]    │
├───────────────────────────────┼───────────────────────────┼─────────────────┼────────────────────────────┤
│ block4d_project_bn            │ (None, 19, 19, 96)        │             384 │ block4d_project_conv[0][0] │
│ (BatchNormalization)          │                           │                 │                            │
├───────────────────────────────┼───────────────────────────┼─────────────────┼────────────────────────────┤
│ block4d_drop (Dropout)        │ (None, 19, 19, 96)        │               0 │ block4d_project_bn[0][0]   │
├───────────────────────────────┼───────────────────────────┼─────────────────┼────────────────────────────┤
│ block4d_add (Add)             │ (None, 19, 19, 96)        │               0 │ block4d_drop[0][0],        │
│                               │                           │                 │ block4c_add[0][0]          │
├───────────────────────────────┼───────────────────────────┼─────────────────┼────────────────────────────┤
│ block4e_expand_conv (Conv2D)  │ (None, 19, 19, 576)       │          55,296 │ block4d_add[0][0]          │
├───────────────────────────────┼───────────────────────────┼─────────────────┼────────────────────────────┤
│ block4e_expand_bn             │ (None, 19, 19, 576)       │           2,304 │ block4e_expand_conv[0][0]  │
│ (BatchNormalization)          │                           │                 │                            │
├───────────────────────────────┼───────────────────────────┼─────────────────┼────────────────────────────┤
│ block4e_expand_activation     │ (None, 19, 19, 576)       │               0 │ block4e_expand_bn[0][0]    │
│ (Activation)                  │                           │                 │                            │
├───────────────────────────────┼───────────────────────────┼─────────────────┼────────────────────────────┤
│ block4e_dwconv                │ (None, 19, 19, 576)       │           5,184 │ block4e_expand_activation… │
│ (DepthwiseConv2D)             │                           │                 │                            │
├───────────────────────────────┼───────────────────────────┼─────────────────┼────────────────────────────┤
│ block4e_bn                    │ (None, 19, 19, 576)       │           2,304 │ block4e_dwconv[0][0]       │
│ (BatchNormalization)          │                           │                 │                            │
├───────────────────────────────┼───────────────────────────┼─────────────────┼────────────────────────────┤
│ block4e_activation            │ (None, 19, 19, 576)       │               0 │ block4e_bn[0][0]           │
│ (Activation)                  │                           │                 │                            │
├───────────────────────────────┼───────────────────────────┼─────────────────┼────────────────────────────┤
│ block4e_se_squeeze            │ (None, 576)               │               0 │ block4e_activation[0][0]   │
│ (GlobalAveragePooling2D)      │                           │                 │                            │
├───────────────────────────────┼───────────────────────────┼─────────────────┼────────────────────────────┤
│ block4e_se_reshape (Reshape)  │ (None, 1, 1, 576)         │               0 │ block4e_se_squeeze[0][0]   │
├───────────────────────────────┼───────────────────────────┼─────────────────┼────────────────────────────┤
│ block4e_se_reduce (Conv2D)    │ (None, 1, 1, 24)          │          13,848 │ block4e_se_reshape[0][0]   │
├───────────────────────────────┼───────────────────────────┼─────────────────┼────────────────────────────┤
│ block4e_se_expand (Conv2D)    │ (None, 1, 1, 576)         │          14,400 │ block4e_se_reduce[0][0]    │
├───────────────────────────────┼───────────────────────────┼─────────────────┼────────────────────────────┤
│ block4e_se_excite (Multiply)  │ (None, 19, 19, 576)       │               0 │ block4e_activation[0][0],  │
│                               │                           │                 │ block4e_se_expand[0][0]    │
├───────────────────────────────┼───────────────────────────┼─────────────────┼────────────────────────────┤
│ block4e_project_conv (Conv2D) │ (None, 19, 19, 96)        │          55,296 │ block4e_se_excite[0][0]    │
├───────────────────────────────┼───────────────────────────┼─────────────────┼────────────────────────────┤
│ block4e_project_bn            │ (None, 19, 19, 96)        │             384 │ block4e_project_conv[0][0] │
│ (BatchNormalization)          │                           │                 │                            │
├───────────────────────────────┼───────────────────────────┼─────────────────┼────────────────────────────┤
│ block4e_drop (Dropout)        │ (None, 19, 19, 96)        │               0 │ block4e_project_bn[0][0]   │
├───────────────────────────────┼───────────────────────────┼─────────────────┼────────────────────────────┤
│ block4e_add (Add)             │ (None, 19, 19, 96)        │               0 │ block4e_drop[0][0],        │
│                               │                           │                 │ block4d_add[0][0]          │
├───────────────────────────────┼───────────────────────────┼─────────────────┼────────────────────────────┤
│ block5a_expand_conv (Conv2D)  │ (None, 19, 19, 576)       │          55,296 │ block4e_add[0][0]          │
├───────────────────────────────┼───────────────────────────┼─────────────────┼────────────────────────────┤
│ block5a_expand_bn             │ (None, 19, 19, 576)       │           2,304 │ block5a_expand_conv[0][0]  │
│ (BatchNormalization)          │                           │                 │                            │
├───────────────────────────────┼───────────────────────────┼─────────────────┼────────────────────────────┤
│ block5a_expand_activation     │ (None, 19, 19, 576)       │               0 │ block5a_expand_bn[0][0]    │
│ (Activation)                  │                           │                 │                            │
├───────────────────────────────┼───────────────────────────┼─────────────────┼────────────────────────────┤
│ block5a_dwconv                │ (None, 19, 19, 576)       │          14,400 │ block5a_expand_activation… │
│ (DepthwiseConv2D)             │                           │                 │                            │
├───────────────────────────────┼───────────────────────────┼─────────────────┼────────────────────────────┤
│ block5a_bn                    │ (None, 19, 19, 576)       │           2,304 │ block5a_dwconv[0][0]       │
│ (BatchNormalization)          │                           │                 │                            │
├───────────────────────────────┼───────────────────────────┼─────────────────┼────────────────────────────┤
│ block5a_activation            │ (None, 19, 19, 576)       │               0 │ block5a_bn[0][0]           │
│ (Activation)                  │                           │                 │                            │
├───────────────────────────────┼───────────────────────────┼─────────────────┼────────────────────────────┤
│ block5a_se_squeeze            │ (None, 576)               │               0 │ block5a_activation[0][0]   │
│ (GlobalAveragePooling2D)      │                           │                 │                            │
├───────────────────────────────┼───────────────────────────┼─────────────────┼────────────────────────────┤
│ block5a_se_reshape (Reshape)  │ (None, 1, 1, 576)         │               0 │ block5a_se_squeeze[0][0]   │
├───────────────────────────────┼───────────────────────────┼─────────────────┼────────────────────────────┤
│ block5a_se_reduce (Conv2D)    │ (None, 1, 1, 24)          │          13,848 │ block5a_se_reshape[0][0]   │
├───────────────────────────────┼───────────────────────────┼─────────────────┼────────────────────────────┤
│ block5a_se_expand (Conv2D)    │ (None, 1, 1, 576)         │          14,400 │ block5a_se_reduce[0][0]    │
├───────────────────────────────┼───────────────────────────┼─────────────────┼────────────────────────────┤
│ block5a_se_excite (Multiply)  │ (None, 19, 19, 576)       │               0 │ block5a_activation[0][0],  │
│                               │                           │                 │ block5a_se_expand[0][0]    │
├───────────────────────────────┼───────────────────────────┼─────────────────┼────────────────────────────┤
│ block5a_project_conv (Conv2D) │ (None, 19, 19, 136)       │          78,336 │ block5a_se_excite[0][0]    │
├───────────────────────────────┼───────────────────────────┼─────────────────┼────────────────────────────┤
│ block5a_project_bn            │ (None, 19, 19, 136)       │             544 │ block5a_project_conv[0][0] │
│ (BatchNormalization)          │                           │                 │                            │
├───────────────────────────────┼───────────────────────────┼─────────────────┼────────────────────────────┤
│ block5b_expand_conv (Conv2D)  │ (None, 19, 19, 816)       │         110,976 │ block5a_project_bn[0][0]   │
├───────────────────────────────┼───────────────────────────┼─────────────────┼────────────────────────────┤
│ block5b_expand_bn             │ (None, 19, 19, 816)       │           3,264 │ block5b_expand_conv[0][0]  │
│ (BatchNormalization)          │                           │                 │                            │
├───────────────────────────────┼───────────────────────────┼─────────────────┼────────────────────────────┤
│ block5b_expand_activation     │ (None, 19, 19, 816)       │               0 │ block5b_expand_bn[0][0]    │
│ (Activation)                  │                           │                 │                            │
├───────────────────────────────┼───────────────────────────┼─────────────────┼────────────────────────────┤
│ block5b_dwconv                │ (None, 19, 19, 816)       │          20,400 │ block5b_expand_activation… │
│ (DepthwiseConv2D)             │                           │                 │                            │
├───────────────────────────────┼───────────────────────────┼─────────────────┼────────────────────────────┤
│ block5b_bn                    │ (None, 19, 19, 816)       │           3,264 │ block5b_dwconv[0][0]       │
│ (BatchNormalization)          │                           │                 │                            │
├───────────────────────────────┼───────────────────────────┼─────────────────┼────────────────────────────┤
│ block5b_activation            │ (None, 19, 19, 816)       │               0 │ block5b_bn[0][0]           │
│ (Activation)                  │                           │                 │                            │
├───────────────────────────────┼───────────────────────────┼─────────────────┼────────────────────────────┤
│ block5b_se_squeeze            │ (None, 816)               │               0 │ block5b_activation[0][0]   │
│ (GlobalAveragePooling2D)      │                           │                 │                            │
├───────────────────────────────┼───────────────────────────┼─────────────────┼────────────────────────────┤
│ block5b_se_reshape (Reshape)  │ (None, 1, 1, 816)         │               0 │ block5b_se_squeeze[0][0]   │
├───────────────────────────────┼───────────────────────────┼─────────────────┼────────────────────────────┤
│ block5b_se_reduce (Conv2D)    │ (None, 1, 1, 34)          │          27,778 │ block5b_se_reshape[0][0]   │
├───────────────────────────────┼───────────────────────────┼─────────────────┼────────────────────────────┤
│ block5b_se_expand (Conv2D)    │ (None, 1, 1, 816)         │          28,560 │ block5b_se_reduce[0][0]    │
├───────────────────────────────┼───────────────────────────┼─────────────────┼────────────────────────────┤
│ block5b_se_excite (Multiply)  │ (None, 19, 19, 816)       │               0 │ block5b_activation[0][0],  │
│                               │                           │                 │ block5b_se_expand[0][0]    │
├───────────────────────────────┼───────────────────────────┼─────────────────┼────────────────────────────┤
│ block5b_project_conv (Conv2D) │ (None, 19, 19, 136)       │         110,976 │ block5b_se_excite[0][0]    │
├───────────────────────────────┼───────────────────────────┼─────────────────┼────────────────────────────┤
│ block5b_project_bn            │ (None, 19, 19, 136)       │             544 │ block5b_project_conv[0][0] │
│ (BatchNormalization)          │                           │                 │                            │
├───────────────────────────────┼───────────────────────────┼─────────────────┼────────────────────────────┤
│ block5b_drop (Dropout)        │ (None, 19, 19, 136)       │               0 │ block5b_project_bn[0][0]   │
├───────────────────────────────┼───────────────────────────┼─────────────────┼────────────────────────────┤
│ block5b_add (Add)             │ (None, 19, 19, 136)       │               0 │ block5b_drop[0][0],        │
│                               │                           │                 │ block5a_project_bn[0][0]   │
├───────────────────────────────┼───────────────────────────┼─────────────────┼────────────────────────────┤
│ block5c_expand_conv (Conv2D)  │ (None, 19, 19, 816)       │         110,976 │ block5b_add[0][0]          │
├───────────────────────────────┼───────────────────────────┼─────────────────┼────────────────────────────┤
│ block5c_expand_bn             │ (None, 19, 19, 816)       │           3,264 │ block5c_expand_conv[0][0]  │
│ (BatchNormalization)          │                           │                 │                            │
├───────────────────────────────┼───────────────────────────┼─────────────────┼────────────────────────────┤
│ block5c_expand_activation     │ (None, 19, 19, 816)       │               0 │ block5c_expand_bn[0][0]    │
│ (Activation)                  │                           │                 │                            │
├───────────────────────────────┼───────────────────────────┼─────────────────┼────────────────────────────┤
│ block5c_dwconv                │ (None, 19, 19, 816)       │          20,400 │ block5c_expand_activation… │
│ (DepthwiseConv2D)             │                           │                 │                            │
├───────────────────────────────┼───────────────────────────┼─────────────────┼────────────────────────────┤
│ block5c_bn                    │ (None, 19, 19, 816)       │           3,264 │ block5c_dwconv[0][0]       │
│ (BatchNormalization)          │                           │                 │                            │
├───────────────────────────────┼───────────────────────────┼─────────────────┼────────────────────────────┤
│ block5c_activation            │ (None, 19, 19, 816)       │               0 │ block5c_bn[0][0]           │
│ (Activation)                  │                           │                 │                            │
├───────────────────────────────┼───────────────────────────┼─────────────────┼────────────────────────────┤
│ block5c_se_squeeze            │ (None, 816)               │               0 │ block5c_activation[0][0]   │
│ (GlobalAveragePooling2D)      │                           │                 │                            │
├───────────────────────────────┼───────────────────────────┼─────────────────┼────────────────────────────┤
│ block5c_se_reshape (Reshape)  │ (None, 1, 1, 816)         │               0 │ block5c_se_squeeze[0][0]   │
├───────────────────────────────┼───────────────────────────┼─────────────────┼────────────────────────────┤
│ block5c_se_reduce (Conv2D)    │ (None, 1, 1, 34)          │          27,778 │ block5c_se_reshape[0][0]   │
├───────────────────────────────┼───────────────────────────┼─────────────────┼────────────────────────────┤
│ block5c_se_expand (Conv2D)    │ (None, 1, 1, 816)         │          28,560 │ block5c_se_reduce[0][0]    │
├───────────────────────────────┼───────────────────────────┼─────────────────┼────────────────────────────┤
│ block5c_se_excite (Multiply)  │ (None, 19, 19, 816)       │               0 │ block5c_activation[0][0],  │
│                               │                           │                 │ block5c_se_expand[0][0]    │
├───────────────────────────────┼───────────────────────────┼─────────────────┼────────────────────────────┤
│ block5c_project_conv (Conv2D) │ (None, 19, 19, 136)       │         110,976 │ block5c_se_excite[0][0]    │
├───────────────────────────────┼───────────────────────────┼─────────────────┼────────────────────────────┤
│ block5c_project_bn            │ (None, 19, 19, 136)       │             544 │ block5c_project_conv[0][0] │
│ (BatchNormalization)          │                           │                 │                            │
├───────────────────────────────┼───────────────────────────┼─────────────────┼────────────────────────────┤
│ block5c_drop (Dropout)        │ (None, 19, 19, 136)       │               0 │ block5c_project_bn[0][0]   │
├───────────────────────────────┼───────────────────────────┼─────────────────┼────────────────────────────┤
│ block5c_add (Add)             │ (None, 19, 19, 136)       │               0 │ block5c_drop[0][0],        │
│                               │                           │                 │ block5b_add[0][0]          │
├───────────────────────────────┼───────────────────────────┼─────────────────┼────────────────────────────┤
│ block5d_expand_conv (Conv2D)  │ (None, 19, 19, 816)       │         110,976 │ block5c_add[0][0]          │
├───────────────────────────────┼───────────────────────────┼─────────────────┼────────────────────────────┤
│ block5d_expand_bn             │ (None, 19, 19, 816)       │           3,264 │ block5d_expand_conv[0][0]  │
│ (BatchNormalization)          │                           │                 │                            │
├───────────────────────────────┼───────────────────────────┼─────────────────┼────────────────────────────┤
│ block5d_expand_activation     │ (None, 19, 19, 816)       │               0 │ block5d_expand_bn[0][0]    │
│ (Activation)                  │                           │                 │                            │
├───────────────────────────────┼───────────────────────────┼─────────────────┼────────────────────────────┤
│ block5d_dwconv                │ (None, 19, 19, 816)       │          20,400 │ block5d_expand_activation… │
│ (DepthwiseConv2D)             │                           │                 │                            │
├───────────────────────────────┼───────────────────────────┼─────────────────┼────────────────────────────┤
│ block5d_bn                    │ (None, 19, 19, 816)       │           3,264 │ block5d_dwconv[0][0]       │
│ (BatchNormalization)          │                           │                 │                            │
├───────────────────────────────┼───────────────────────────┼─────────────────┼────────────────────────────┤
│ block5d_activation            │ (None, 19, 19, 816)       │               0 │ block5d_bn[0][0]           │
│ (Activation)                  │                           │                 │                            │
├───────────────────────────────┼───────────────────────────┼─────────────────┼────────────────────────────┤
│ block5d_se_squeeze            │ (None, 816)               │               0 │ block5d_activation[0][0]   │
│ (GlobalAveragePooling2D)      │                           │                 │                            │
├───────────────────────────────┼───────────────────────────┼─────────────────┼────────────────────────────┤
│ block5d_se_reshape (Reshape)  │ (None, 1, 1, 816)         │               0 │ block5d_se_squeeze[0][0]   │
├───────────────────────────────┼───────────────────────────┼─────────────────┼────────────────────────────┤
│ block5d_se_reduce (Conv2D)    │ (None, 1, 1, 34)          │          27,778 │ block5d_se_reshape[0][0]   │
├───────────────────────────────┼───────────────────────────┼─────────────────┼────────────────────────────┤
│ block5d_se_expand (Conv2D)    │ (None, 1, 1, 816)         │          28,560 │ block5d_se_reduce[0][0]    │
├───────────────────────────────┼───────────────────────────┼─────────────────┼────────────────────────────┤
│ block5d_se_excite (Multiply)  │ (None, 19, 19, 816)       │               0 │ block5d_activation[0][0],  │
│                               │                           │                 │ block5d_se_expand[0][0]    │
├───────────────────────────────┼───────────────────────────┼─────────────────┼────────────────────────────┤
│ block5d_project_conv (Conv2D) │ (None, 19, 19, 136)       │         110,976 │ block5d_se_excite[0][0]    │
├───────────────────────────────┼───────────────────────────┼─────────────────┼────────────────────────────┤
│ block5d_project_bn            │ (None, 19, 19, 136)       │             544 │ block5d_project_conv[0][0] │
│ (BatchNormalization)          │                           │                 │                            │
├───────────────────────────────┼───────────────────────────┼─────────────────┼────────────────────────────┤
│ block5d_drop (Dropout)        │ (None, 19, 19, 136)       │               0 │ block5d_project_bn[0][0]   │
├───────────────────────────────┼───────────────────────────┼─────────────────┼────────────────────────────┤
│ block5d_add (Add)             │ (None, 19, 19, 136)       │               0 │ block5d_drop[0][0],        │
│                               │                           │                 │ block5c_add[0][0]          │
├───────────────────────────────┼───────────────────────────┼─────────────────┼────────────────────────────┤
│ block5e_expand_conv (Conv2D)  │ (None, 19, 19, 816)       │         110,976 │ block5d_add[0][0]          │
├───────────────────────────────┼───────────────────────────┼─────────────────┼────────────────────────────┤
│ block5e_expand_bn             │ (None, 19, 19, 816)       │           3,264 │ block5e_expand_conv[0][0]  │
│ (BatchNormalization)          │                           │                 │                            │
├───────────────────────────────┼───────────────────────────┼─────────────────┼────────────────────────────┤
│ block5e_expand_activation     │ (None, 19, 19, 816)       │               0 │ block5e_expand_bn[0][0]    │
│ (Activation)                  │                           │                 │                            │
├───────────────────────────────┼───────────────────────────┼─────────────────┼────────────────────────────┤
│ block5e_dwconv                │ (None, 19, 19, 816)       │          20,400 │ block5e_expand_activation… │
│ (DepthwiseConv2D)             │                           │                 │                            │
├───────────────────────────────┼───────────────────────────┼─────────────────┼────────────────────────────┤
│ block5e_bn                    │ (None, 19, 19, 816)       │           3,264 │ block5e_dwconv[0][0]       │
│ (BatchNormalization)          │                           │                 │                            │
├───────────────────────────────┼───────────────────────────┼─────────────────┼────────────────────────────┤
│ block5e_activation            │ (None, 19, 19, 816)       │               0 │ block5e_bn[0][0]           │
│ (Activation)                  │                           │                 │                            │
├───────────────────────────────┼───────────────────────────┼─────────────────┼────────────────────────────┤
│ block5e_se_squeeze            │ (None, 816)               │               0 │ block5e_activation[0][0]   │
│ (GlobalAveragePooling2D)      │                           │                 │                            │
├───────────────────────────────┼───────────────────────────┼─────────────────┼────────────────────────────┤
│ block5e_se_reshape (Reshape)  │ (None, 1, 1, 816)         │               0 │ block5e_se_squeeze[0][0]   │
├───────────────────────────────┼───────────────────────────┼─────────────────┼────────────────────────────┤
│ block5e_se_reduce (Conv2D)    │ (None, 1, 1, 34)          │          27,778 │ block5e_se_reshape[0][0]   │
├───────────────────────────────┼───────────────────────────┼─────────────────┼────────────────────────────┤
│ block5e_se_expand (Conv2D)    │ (None, 1, 1, 816)         │          28,560 │ block5e_se_reduce[0][0]    │
├───────────────────────────────┼───────────────────────────┼─────────────────┼────────────────────────────┤
│ block5e_se_excite (Multiply)  │ (None, 19, 19, 816)       │               0 │ block5e_activation[0][0],  │
│                               │                           │                 │ block5e_se_expand[0][0]    │
├───────────────────────────────┼───────────────────────────┼─────────────────┼────────────────────────────┤
│ block5e_project_conv (Conv2D) │ (None, 19, 19, 136)       │         110,976 │ block5e_se_excite[0][0]    │
├───────────────────────────────┼───────────────────────────┼─────────────────┼────────────────────────────┤
│ block5e_project_bn            │ (None, 19, 19, 136)       │             544 │ block5e_project_conv[0][0] │
│ (BatchNormalization)          │                           │                 │                            │
├───────────────────────────────┼───────────────────────────┼─────────────────┼────────────────────────────┤
│ block5e_drop (Dropout)        │ (None, 19, 19, 136)       │               0 │ block5e_project_bn[0][0]   │
├───────────────────────────────┼───────────────────────────┼─────────────────┼────────────────────────────┤
│ block5e_add (Add)             │ (None, 19, 19, 136)       │               0 │ block5e_drop[0][0],        │
│                               │                           │                 │ block5d_add[0][0]          │
├───────────────────────────────┼───────────────────────────┼─────────────────┼────────────────────────────┤
│ block6a_expand_conv (Conv2D)  │ (None, 19, 19, 816)       │         110,976 │ block5e_add[0][0]          │
├───────────────────────────────┼───────────────────────────┼─────────────────┼────────────────────────────┤
│ block6a_expand_bn             │ (None, 19, 19, 816)       │           3,264 │ block6a_expand_conv[0][0]  │
│ (BatchNormalization)          │                           │                 │                            │
├───────────────────────────────┼───────────────────────────┼─────────────────┼────────────────────────────┤
│ block6a_expand_activation     │ (None, 19, 19, 816)       │               0 │ block6a_expand_bn[0][0]    │
│ (Activation)                  │                           │                 │                            │
├───────────────────────────────┼───────────────────────────┼─────────────────┼────────────────────────────┤
│ block6a_dwconv_pad            │ (None, 23, 23, 816)       │               0 │ block6a_expand_activation… │
│ (ZeroPadding2D)               │                           │                 │                            │
├───────────────────────────────┼───────────────────────────┼─────────────────┼────────────────────────────┤
│ block6a_dwconv                │ (None, 10, 10, 816)       │          20,400 │ block6a_dwconv_pad[0][0]   │
│ (DepthwiseConv2D)             │                           │                 │                            │
├───────────────────────────────┼───────────────────────────┼─────────────────┼────────────────────────────┤
│ block6a_bn                    │ (None, 10, 10, 816)       │           3,264 │ block6a_dwconv[0][0]       │
│ (BatchNormalization)          │                           │                 │                            │
├───────────────────────────────┼───────────────────────────┼─────────────────┼────────────────────────────┤
│ block6a_activation            │ (None, 10, 10, 816)       │               0 │ block6a_bn[0][0]           │
│ (Activation)                  │                           │                 │                            │
├───────────────────────────────┼───────────────────────────┼─────────────────┼────────────────────────────┤
│ block6a_se_squeeze            │ (None, 816)               │               0 │ block6a_activation[0][0]   │
│ (GlobalAveragePooling2D)      │                           │                 │                            │
├───────────────────────────────┼───────────────────────────┼─────────────────┼────────────────────────────┤
│ block6a_se_reshape (Reshape)  │ (None, 1, 1, 816)         │               0 │ block6a_se_squeeze[0][0]   │
├───────────────────────────────┼───────────────────────────┼─────────────────┼────────────────────────────┤
│ block6a_se_reduce (Conv2D)    │ (None, 1, 1, 34)          │          27,778 │ block6a_se_reshape[0][0]   │
├───────────────────────────────┼───────────────────────────┼─────────────────┼────────────────────────────┤
│ block6a_se_expand (Conv2D)    │ (None, 1, 1, 816)         │          28,560 │ block6a_se_reduce[0][0]    │
├───────────────────────────────┼───────────────────────────┼─────────────────┼────────────────────────────┤
│ block6a_se_excite (Multiply)  │ (None, 10, 10, 816)       │               0 │ block6a_activation[0][0],  │
│                               │                           │                 │ block6a_se_expand[0][0]    │
├───────────────────────────────┼───────────────────────────┼─────────────────┼────────────────────────────┤
│ block6a_project_conv (Conv2D) │ (None, 10, 10, 232)       │         189,312 │ block6a_se_excite[0][0]    │
├───────────────────────────────┼───────────────────────────┼─────────────────┼────────────────────────────┤
│ block6a_project_bn            │ (None, 10, 10, 232)       │             928 │ block6a_project_conv[0][0] │
│ (BatchNormalization)          │                           │                 │                            │
├───────────────────────────────┼───────────────────────────┼─────────────────┼────────────────────────────┤
│ block6b_expand_conv (Conv2D)  │ (None, 10, 10, 1392)      │         322,944 │ block6a_project_bn[0][0]   │
├───────────────────────────────┼───────────────────────────┼─────────────────┼────────────────────────────┤
│ block6b_expand_bn             │ (None, 10, 10, 1392)      │           5,568 │ block6b_expand_conv[0][0]  │
│ (BatchNormalization)          │                           │                 │                            │
├───────────────────────────────┼───────────────────────────┼─────────────────┼────────────────────────────┤
│ block6b_expand_activation     │ (None, 10, 10, 1392)      │               0 │ block6b_expand_bn[0][0]    │
│ (Activation)                  │                           │                 │                            │
├───────────────────────────────┼───────────────────────────┼─────────────────┼────────────────────────────┤
│ block6b_dwconv                │ (None, 10, 10, 1392)      │          34,800 │ block6b_expand_activation… │
│ (DepthwiseConv2D)             │                           │                 │                            │
├───────────────────────────────┼───────────────────────────┼─────────────────┼────────────────────────────┤
│ block6b_bn                    │ (None, 10, 10, 1392)      │           5,568 │ block6b_dwconv[0][0]       │
│ (BatchNormalization)          │                           │                 │                            │
├───────────────────────────────┼───────────────────────────┼─────────────────┼────────────────────────────┤
│ block6b_activation            │ (None, 10, 10, 1392)      │               0 │ block6b_bn[0][0]           │
│ (Activation)                  │                           │                 │                            │
├───────────────────────────────┼───────────────────────────┼─────────────────┼────────────────────────────┤
│ block6b_se_squeeze            │ (None, 1392)              │               0 │ block6b_activation[0][0]   │
│ (GlobalAveragePooling2D)      │                           │                 │                            │
├───────────────────────────────┼───────────────────────────┼─────────────────┼────────────────────────────┤
│ block6b_se_reshape (Reshape)  │ (None, 1, 1, 1392)        │               0 │ block6b_se_squeeze[0][0]   │
├───────────────────────────────┼───────────────────────────┼─────────────────┼────────────────────────────┤
│ block6b_se_reduce (Conv2D)    │ (None, 1, 1, 58)          │          80,794 │ block6b_se_reshape[0][0]   │
├───────────────────────────────┼───────────────────────────┼─────────────────┼────────────────────────────┤
│ block6b_se_expand (Conv2D)    │ (None, 1, 1, 1392)        │          82,128 │ block6b_se_reduce[0][0]    │
├───────────────────────────────┼───────────────────────────┼─────────────────┼────────────────────────────┤
│ block6b_se_excite (Multiply)  │ (None, 10, 10, 1392)      │               0 │ block6b_activation[0][0],  │
│                               │                           │                 │ block6b_se_expand[0][0]    │
├───────────────────────────────┼───────────────────────────┼─────────────────┼────────────────────────────┤
│ block6b_project_conv (Conv2D) │ (None, 10, 10, 232)       │         322,944 │ block6b_se_excite[0][0]    │
├───────────────────────────────┼───────────────────────────┼─────────────────┼────────────────────────────┤
│ block6b_project_bn            │ (None, 10, 10, 232)       │             928 │ block6b_project_conv[0][0] │
│ (BatchNormalization)          │                           │                 │                            │
├───────────────────────────────┼───────────────────────────┼─────────────────┼────────────────────────────┤
│ block6b_drop (Dropout)        │ (None, 10, 10, 232)       │               0 │ block6b_project_bn[0][0]   │
├───────────────────────────────┼───────────────────────────┼─────────────────┼────────────────────────────┤
│ block6b_add (Add)             │ (None, 10, 10, 232)       │               0 │ block6b_drop[0][0],        │
│                               │                           │                 │ block6a_project_bn[0][0]   │
├───────────────────────────────┼───────────────────────────┼─────────────────┼────────────────────────────┤
│ block6c_expand_conv (Conv2D)  │ (None, 10, 10, 1392)      │         322,944 │ block6b_add[0][0]          │
├───────────────────────────────┼───────────────────────────┼─────────────────┼────────────────────────────┤
│ block6c_expand_bn             │ (None, 10, 10, 1392)      │           5,568 │ block6c_expand_conv[0][0]  │
│ (BatchNormalization)          │                           │                 │                            │
├───────────────────────────────┼───────────────────────────┼─────────────────┼────────────────────────────┤
│ block6c_expand_activation     │ (None, 10, 10, 1392)      │               0 │ block6c_expand_bn[0][0]    │
│ (Activation)                  │                           │                 │                            │
├───────────────────────────────┼───────────────────────────┼─────────────────┼────────────────────────────┤
│ block6c_dwconv                │ (None, 10, 10, 1392)      │          34,800 │ block6c_expand_activation… │
│ (DepthwiseConv2D)             │                           │                 │                            │
├───────────────────────────────┼───────────────────────────┼─────────────────┼────────────────────────────┤
│ block6c_bn                    │ (None, 10, 10, 1392)      │           5,568 │ block6c_dwconv[0][0]       │
│ (BatchNormalization)          │                           │                 │                            │
├───────────────────────────────┼───────────────────────────┼─────────────────┼────────────────────────────┤
│ block6c_activation            │ (None, 10, 10, 1392)      │               0 │ block6c_bn[0][0]           │
│ (Activation)                  │                           │                 │                            │
├───────────────────────────────┼───────────────────────────┼─────────────────┼────────────────────────────┤
│ block6c_se_squeeze            │ (None, 1392)              │               0 │ block6c_activation[0][0]   │
│ (GlobalAveragePooling2D)      │                           │                 │                            │
├───────────────────────────────┼───────────────────────────┼─────────────────┼────────────────────────────┤
│ block6c_se_reshape (Reshape)  │ (None, 1, 1, 1392)        │               0 │ block6c_se_squeeze[0][0]   │
├───────────────────────────────┼───────────────────────────┼─────────────────┼────────────────────────────┤
│ block6c_se_reduce (Conv2D)    │ (None, 1, 1, 58)          │          80,794 │ block6c_se_reshape[0][0]   │
├───────────────────────────────┼───────────────────────────┼─────────────────┼────────────────────────────┤
│ block6c_se_expand (Conv2D)    │ (None, 1, 1, 1392)        │          82,128 │ block6c_se_reduce[0][0]    │
├───────────────────────────────┼───────────────────────────┼─────────────────┼────────────────────────────┤
│ block6c_se_excite (Multiply)  │ (None, 10, 10, 1392)      │               0 │ block6c_activation[0][0],  │
│                               │                           │                 │ block6c_se_expand[0][0]    │
├───────────────────────────────┼───────────────────────────┼─────────────────┼────────────────────────────┤
│ block6c_project_conv (Conv2D) │ (None, 10, 10, 232)       │         322,944 │ block6c_se_excite[0][0]    │
├───────────────────────────────┼───────────────────────────┼─────────────────┼────────────────────────────┤
│ block6c_project_bn            │ (None, 10, 10, 232)       │             928 │ block6c_project_conv[0][0] │
│ (BatchNormalization)          │                           │                 │                            │
├───────────────────────────────┼───────────────────────────┼─────────────────┼────────────────────────────┤
│ block6c_drop (Dropout)        │ (None, 10, 10, 232)       │               0 │ block6c_project_bn[0][0]   │
├───────────────────────────────┼───────────────────────────┼─────────────────┼────────────────────────────┤
│ block6c_add (Add)             │ (None, 10, 10, 232)       │               0 │ block6c_drop[0][0],        │
│                               │                           │                 │ block6b_add[0][0]          │
├───────────────────────────────┼───────────────────────────┼─────────────────┼────────────────────────────┤
│ block6d_expand_conv (Conv2D)  │ (None, 10, 10, 1392)      │         322,944 │ block6c_add[0][0]          │
├───────────────────────────────┼───────────────────────────┼─────────────────┼────────────────────────────┤
│ block6d_expand_bn             │ (None, 10, 10, 1392)      │           5,568 │ block6d_expand_conv[0][0]  │
│ (BatchNormalization)          │                           │                 │                            │
├───────────────────────────────┼───────────────────────────┼─────────────────┼────────────────────────────┤
│ block6d_expand_activation     │ (None, 10, 10, 1392)      │               0 │ block6d_expand_bn[0][0]    │
│ (Activation)                  │                           │                 │                            │
├───────────────────────────────┼───────────────────────────┼─────────────────┼────────────────────────────┤
│ block6d_dwconv                │ (None, 10, 10, 1392)      │          34,800 │ block6d_expand_activation… │
│ (DepthwiseConv2D)             │                           │                 │                            │
├───────────────────────────────┼───────────────────────────┼─────────────────┼────────────────────────────┤
│ block6d_bn                    │ (None, 10, 10, 1392)      │           5,568 │ block6d_dwconv[0][0]       │
│ (BatchNormalization)          │                           │                 │                            │
├───────────────────────────────┼───────────────────────────┼─────────────────┼────────────────────────────┤
│ block6d_activation            │ (None, 10, 10, 1392)      │               0 │ block6d_bn[0][0]           │
│ (Activation)                  │                           │                 │                            │
├───────────────────────────────┼───────────────────────────┼─────────────────┼────────────────────────────┤
│ block6d_se_squeeze            │ (None, 1392)              │               0 │ block6d_activation[0][0]   │
│ (GlobalAveragePooling2D)      │                           │                 │                            │
├───────────────────────────────┼───────────────────────────┼─────────────────┼────────────────────────────┤
│ block6d_se_reshape (Reshape)  │ (None, 1, 1, 1392)        │               0 │ block6d_se_squeeze[0][0]   │
├───────────────────────────────┼───────────────────────────┼─────────────────┼────────────────────────────┤
│ block6d_se_reduce (Conv2D)    │ (None, 1, 1, 58)          │          80,794 │ block6d_se_reshape[0][0]   │
├───────────────────────────────┼───────────────────────────┼─────────────────┼────────────────────────────┤
│ block6d_se_expand (Conv2D)    │ (None, 1, 1, 1392)        │          82,128 │ block6d_se_reduce[0][0]    │
├───────────────────────────────┼───────────────────────────┼─────────────────┼────────────────────────────┤
│ block6d_se_excite (Multiply)  │ (None, 10, 10, 1392)      │               0 │ block6d_activation[0][0],  │
│                               │                           │                 │ block6d_se_expand[0][0]    │
├───────────────────────────────┼───────────────────────────┼─────────────────┼────────────────────────────┤
│ block6d_project_conv (Conv2D) │ (None, 10, 10, 232)       │         322,944 │ block6d_se_excite[0][0]    │
├───────────────────────────────┼───────────────────────────┼─────────────────┼────────────────────────────┤
│ block6d_project_bn            │ (None, 10, 10, 232)       │             928 │ block6d_project_conv[0][0] │
│ (BatchNormalization)          │                           │                 │                            │
├───────────────────────────────┼───────────────────────────┼─────────────────┼────────────────────────────┤
│ block6d_drop (Dropout)        │ (None, 10, 10, 232)       │               0 │ block6d_project_bn[0][0]   │
├───────────────────────────────┼───────────────────────────┼─────────────────┼────────────────────────────┤
│ block6d_add (Add)             │ (None, 10, 10, 232)       │               0 │ block6d_drop[0][0],        │
│                               │                           │                 │ block6c_add[0][0]          │
├───────────────────────────────┼───────────────────────────┼─────────────────┼────────────────────────────┤
│ block6e_expand_conv (Conv2D)  │ (None, 10, 10, 1392)      │         322,944 │ block6d_add[0][0]          │
├───────────────────────────────┼───────────────────────────┼─────────────────┼────────────────────────────┤
│ block6e_expand_bn             │ (None, 10, 10, 1392)      │           5,568 │ block6e_expand_conv[0][0]  │
│ (BatchNormalization)          │                           │                 │                            │
├───────────────────────────────┼───────────────────────────┼─────────────────┼────────────────────────────┤
│ block6e_expand_activation     │ (None, 10, 10, 1392)      │               0 │ block6e_expand_bn[0][0]    │
│ (Activation)                  │                           │                 │                            │
├───────────────────────────────┼───────────────────────────┼─────────────────┼────────────────────────────┤
│ block6e_dwconv                │ (None, 10, 10, 1392)      │          34,800 │ block6e_expand_activation… │
│ (DepthwiseConv2D)             │                           │                 │                            │
├───────────────────────────────┼───────────────────────────┼─────────────────┼────────────────────────────┤
│ block6e_bn                    │ (None, 10, 10, 1392)      │           5,568 │ block6e_dwconv[0][0]       │
│ (BatchNormalization)          │                           │                 │                            │
├───────────────────────────────┼───────────────────────────┼─────────────────┼────────────────────────────┤
│ block6e_activation            │ (None, 10, 10, 1392)      │               0 │ block6e_bn[0][0]           │
│ (Activation)                  │                           │                 │                            │
├───────────────────────────────┼───────────────────────────┼─────────────────┼────────────────────────────┤
│ block6e_se_squeeze            │ (None, 1392)              │               0 │ block6e_activation[0][0]   │
│ (GlobalAveragePooling2D)      │                           │                 │                            │
├───────────────────────────────┼───────────────────────────┼─────────────────┼────────────────────────────┤
│ block6e_se_reshape (Reshape)  │ (None, 1, 1, 1392)        │               0 │ block6e_se_squeeze[0][0]   │
├───────────────────────────────┼───────────────────────────┼─────────────────┼────────────────────────────┤
│ block6e_se_reduce (Conv2D)    │ (None, 1, 1, 58)          │          80,794 │ block6e_se_reshape[0][0]   │
├───────────────────────────────┼───────────────────────────┼─────────────────┼────────────────────────────┤
│ block6e_se_expand (Conv2D)    │ (None, 1, 1, 1392)        │          82,128 │ block6e_se_reduce[0][0]    │
├───────────────────────────────┼───────────────────────────┼─────────────────┼────────────────────────────┤
│ block6e_se_excite (Multiply)  │ (None, 10, 10, 1392)      │               0 │ block6e_activation[0][0],  │
│                               │                           │                 │ block6e_se_expand[0][0]    │
├───────────────────────────────┼───────────────────────────┼─────────────────┼────────────────────────────┤
│ block6e_project_conv (Conv2D) │ (None, 10, 10, 232)       │         322,944 │ block6e_se_excite[0][0]    │
├───────────────────────────────┼───────────────────────────┼─────────────────┼────────────────────────────┤
│ block6e_project_bn            │ (None, 10, 10, 232)       │             928 │ block6e_project_conv[0][0] │
│ (BatchNormalization)          │                           │                 │                            │
├───────────────────────────────┼───────────────────────────┼─────────────────┼────────────────────────────┤
│ block6e_drop (Dropout)        │ (None, 10, 10, 232)       │               0 │ block6e_project_bn[0][0]   │
├───────────────────────────────┼───────────────────────────┼─────────────────┼────────────────────────────┤
│ block6e_add (Add)             │ (None, 10, 10, 232)       │               0 │ block6e_drop[0][0],        │
│                               │                           │                 │ block6d_add[0][0]          │
├───────────────────────────────┼───────────────────────────┼─────────────────┼────────────────────────────┤
│ block6f_expand_conv (Conv2D)  │ (None, 10, 10, 1392)      │         322,944 │ block6e_add[0][0]          │
├───────────────────────────────┼───────────────────────────┼─────────────────┼────────────────────────────┤
│ block6f_expand_bn             │ (None, 10, 10, 1392)      │           5,568 │ block6f_expand_conv[0][0]  │
│ (BatchNormalization)          │                           │                 │                            │
├───────────────────────────────┼───────────────────────────┼─────────────────┼────────────────────────────┤
│ block6f_expand_activation     │ (None, 10, 10, 1392)      │               0 │ block6f_expand_bn[0][0]    │
│ (Activation)                  │                           │                 │                            │
├───────────────────────────────┼───────────────────────────┼─────────────────┼────────────────────────────┤
│ block6f_dwconv                │ (None, 10, 10, 1392)      │          34,800 │ block6f_expand_activation… │
│ (DepthwiseConv2D)             │                           │                 │                            │
├───────────────────────────────┼───────────────────────────┼─────────────────┼────────────────────────────┤
│ block6f_bn                    │ (None, 10, 10, 1392)      │           5,568 │ block6f_dwconv[0][0]       │
│ (BatchNormalization)          │                           │                 │                            │
├───────────────────────────────┼───────────────────────────┼─────────────────┼────────────────────────────┤
│ block6f_activation            │ (None, 10, 10, 1392)      │               0 │ block6f_bn[0][0]           │
│ (Activation)                  │                           │                 │                            │
├───────────────────────────────┼───────────────────────────┼─────────────────┼────────────────────────────┤
│ block6f_se_squeeze            │ (None, 1392)              │               0 │ block6f_activation[0][0]   │
│ (GlobalAveragePooling2D)      │                           │                 │                            │
├───────────────────────────────┼───────────────────────────┼─────────────────┼────────────────────────────┤
│ block6f_se_reshape (Reshape)  │ (None, 1, 1, 1392)        │               0 │ block6f_se_squeeze[0][0]   │
├───────────────────────────────┼───────────────────────────┼─────────────────┼────────────────────────────┤
│ block6f_se_reduce (Conv2D)    │ (None, 1, 1, 58)          │          80,794 │ block6f_se_reshape[0][0]   │
├───────────────────────────────┼───────────────────────────┼─────────────────┼────────────────────────────┤
│ block6f_se_expand (Conv2D)    │ (None, 1, 1, 1392)        │          82,128 │ block6f_se_reduce[0][0]    │
├───────────────────────────────┼───────────────────────────┼─────────────────┼────────────────────────────┤
│ block6f_se_excite (Multiply)  │ (None, 10, 10, 1392)      │               0 │ block6f_activation[0][0],  │
│                               │                           │                 │ block6f_se_expand[0][0]    │
├───────────────────────────────┼───────────────────────────┼─────────────────┼────────────────────────────┤
│ block6f_project_conv (Conv2D) │ (None, 10, 10, 232)       │         322,944 │ block6f_se_excite[0][0]    │
├───────────────────────────────┼───────────────────────────┼─────────────────┼────────────────────────────┤
│ block6f_project_bn            │ (None, 10, 10, 232)       │             928 │ block6f_project_conv[0][0] │
│ (BatchNormalization)          │                           │                 │                            │
├───────────────────────────────┼───────────────────────────┼─────────────────┼────────────────────────────┤
│ block6f_drop (Dropout)        │ (None, 10, 10, 232)       │               0 │ block6f_project_bn[0][0]   │
├───────────────────────────────┼───────────────────────────┼─────────────────┼────────────────────────────┤
│ block6f_add (Add)             │ (None, 10, 10, 232)       │               0 │ block6f_drop[0][0],        │
│                               │                           │                 │ block6e_add[0][0]          │
├───────────────────────────────┼───────────────────────────┼─────────────────┼────────────────────────────┤
│ block7a_expand_conv (Conv2D)  │ (None, 10, 10, 1392)      │         322,944 │ block6f_add[0][0]          │
├───────────────────────────────┼───────────────────────────┼─────────────────┼────────────────────────────┤
│ block7a_expand_bn             │ (None, 10, 10, 1392)      │           5,568 │ block7a_expand_conv[0][0]  │
│ (BatchNormalization)          │                           │                 │                            │
├───────────────────────────────┼───────────────────────────┼─────────────────┼────────────────────────────┤
│ block7a_expand_activation     │ (None, 10, 10, 1392)      │               0 │ block7a_expand_bn[0][0]    │
│ (Activation)                  │                           │                 │                            │
├───────────────────────────────┼───────────────────────────┼─────────────────┼────────────────────────────┤
│ block7a_dwconv                │ (None, 10, 10, 1392)      │          12,528 │ block7a_expand_activation… │
│ (DepthwiseConv2D)             │                           │                 │                            │
├───────────────────────────────┼───────────────────────────┼─────────────────┼────────────────────────────┤
│ block7a_bn                    │ (None, 10, 10, 1392)      │           5,568 │ block7a_dwconv[0][0]       │
│ (BatchNormalization)          │                           │                 │                            │
├───────────────────────────────┼───────────────────────────┼─────────────────┼────────────────────────────┤
│ block7a_activation            │ (None, 10, 10, 1392)      │               0 │ block7a_bn[0][0]           │
│ (Activation)                  │                           │                 │                            │
├───────────────────────────────┼───────────────────────────┼─────────────────┼────────────────────────────┤
│ block7a_se_squeeze            │ (None, 1392)              │               0 │ block7a_activation[0][0]   │
│ (GlobalAveragePooling2D)      │                           │                 │                            │
├───────────────────────────────┼───────────────────────────┼─────────────────┼────────────────────────────┤
│ block7a_se_reshape (Reshape)  │ (None, 1, 1, 1392)        │               0 │ block7a_se_squeeze[0][0]   │
├───────────────────────────────┼───────────────────────────┼─────────────────┼────────────────────────────┤
│ block7a_se_reduce (Conv2D)    │ (None, 1, 1, 58)          │          80,794 │ block7a_se_reshape[0][0]   │
├───────────────────────────────┼───────────────────────────┼─────────────────┼────────────────────────────┤
│ block7a_se_expand (Conv2D)    │ (None, 1, 1, 1392)        │          82,128 │ block7a_se_reduce[0][0]    │
├───────────────────────────────┼───────────────────────────┼─────────────────┼────────────────────────────┤
│ block7a_se_excite (Multiply)  │ (None, 10, 10, 1392)      │               0 │ block7a_activation[0][0],  │
│                               │                           │                 │ block7a_se_expand[0][0]    │
├───────────────────────────────┼───────────────────────────┼─────────────────┼────────────────────────────┤
│ block7a_project_conv (Conv2D) │ (None, 10, 10, 384)       │         534,528 │ block7a_se_excite[0][0]    │
├───────────────────────────────┼───────────────────────────┼─────────────────┼────────────────────────────┤
│ block7a_project_bn            │ (None, 10, 10, 384)       │           1,536 │ block7a_project_conv[0][0] │
│ (BatchNormalization)          │                           │                 │                            │
├───────────────────────────────┼───────────────────────────┼─────────────────┼────────────────────────────┤
│ block7b_expand_conv (Conv2D)  │ (None, 10, 10, 2304)      │         884,736 │ block7a_project_bn[0][0]   │
├───────────────────────────────┼───────────────────────────┼─────────────────┼────────────────────────────┤
│ block7b_expand_bn             │ (None, 10, 10, 2304)      │           9,216 │ block7b_expand_conv[0][0]  │
│ (BatchNormalization)          │                           │                 │                            │
├───────────────────────────────┼───────────────────────────┼─────────────────┼────────────────────────────┤
│ block7b_expand_activation     │ (None, 10, 10, 2304)      │               0 │ block7b_expand_bn[0][0]    │
│ (Activation)                  │                           │                 │                            │
├───────────────────────────────┼───────────────────────────┼─────────────────┼────────────────────────────┤
│ block7b_dwconv                │ (None, 10, 10, 2304)      │          20,736 │ block7b_expand_activation… │
│ (DepthwiseConv2D)             │                           │                 │                            │
├───────────────────────────────┼───────────────────────────┼─────────────────┼────────────────────────────┤
│ block7b_bn                    │ (None, 10, 10, 2304)      │           9,216 │ block7b_dwconv[0][0]       │
│ (BatchNormalization)          │                           │                 │                            │
├───────────────────────────────┼───────────────────────────┼─────────────────┼────────────────────────────┤
│ block7b_activation            │ (None, 10, 10, 2304)      │               0 │ block7b_bn[0][0]           │
│ (Activation)                  │                           │                 │                            │
├───────────────────────────────┼───────────────────────────┼─────────────────┼────────────────────────────┤
│ block7b_se_squeeze            │ (None, 2304)              │               0 │ block7b_activation[0][0]   │
│ (GlobalAveragePooling2D)      │                           │                 │                            │
├───────────────────────────────┼───────────────────────────┼─────────────────┼────────────────────────────┤
│ block7b_se_reshape (Reshape)  │ (None, 1, 1, 2304)        │               0 │ block7b_se_squeeze[0][0]   │
├───────────────────────────────┼───────────────────────────┼─────────────────┼────────────────────────────┤
│ block7b_se_reduce (Conv2D)    │ (None, 1, 1, 96)          │         221,280 │ block7b_se_reshape[0][0]   │
├───────────────────────────────┼───────────────────────────┼─────────────────┼────────────────────────────┤
│ block7b_se_expand (Conv2D)    │ (None, 1, 1, 2304)        │         223,488 │ block7b_se_reduce[0][0]    │
├───────────────────────────────┼───────────────────────────┼─────────────────┼────────────────────────────┤
│ block7b_se_excite (Multiply)  │ (None, 10, 10, 2304)      │               0 │ block7b_activation[0][0],  │
│                               │                           │                 │ block7b_se_expand[0][0]    │
├───────────────────────────────┼───────────────────────────┼─────────────────┼────────────────────────────┤
│ block7b_project_conv (Conv2D) │ (None, 10, 10, 384)       │         884,736 │ block7b_se_excite[0][0]    │
├───────────────────────────────┼───────────────────────────┼─────────────────┼────────────────────────────┤
│ block7b_project_bn            │ (None, 10, 10, 384)       │           1,536 │ block7b_project_conv[0][0] │
│ (BatchNormalization)          │                           │                 │                            │
├───────────────────────────────┼───────────────────────────┼─────────────────┼────────────────────────────┤
│ block7b_drop (Dropout)        │ (None, 10, 10, 384)       │               0 │ block7b_project_bn[0][0]   │
├───────────────────────────────┼───────────────────────────┼─────────────────┼────────────────────────────┤
│ block7b_add (Add)             │ (None, 10, 10, 384)       │               0 │ block7b_drop[0][0],        │
│                               │                           │                 │ block7a_project_bn[0][0]   │
├───────────────────────────────┼───────────────────────────┼─────────────────┼────────────────────────────┤
│ top_conv (Conv2D)             │ (None, 10, 10, 1536)      │         589,824 │ block7b_add[0][0]          │
├───────────────────────────────┼───────────────────────────┼─────────────────┼────────────────────────────┤
│ top_bn (BatchNormalization)   │ (None, 10, 10, 1536)      │           6,144 │ top_conv[0][0]             │
├───────────────────────────────┼───────────────────────────┼─────────────────┼────────────────────────────┤
│ top_activation (Activation)   │ (None, 10, 10, 1536)      │               0 │ top_bn[0][0]               │
├───────────────────────────────┼───────────────────────────┼─────────────────┼────────────────────────────┤
│ global_average_pooling2d      │ (None, 1536)              │               0 │ top_activation[0][0]       │
│ (GlobalAveragePooling2D)      │                           │                 │                            │
├───────────────────────────────┼───────────────────────────┼─────────────────┼────────────────────────────┤
│ dropout (Dropout)             │ (None, 1536)              │               0 │ global_average_pooling2d[… │
├───────────────────────────────┼───────────────────────────┼─────────────────┼────────────────────────────┤
│ dense (Dense)                 │ (None, 128)               │         196,736 │ dropout[0][0]              │
├───────────────────────────────┼───────────────────────────┼─────────────────┼────────────────────────────┤
│ dropout_1 (Dropout)           │ (None, 128)               │               0 │ dense[0][0]                │
├───────────────────────────────┼───────────────────────────┼─────────────────┼────────────────────────────┤
│ dense_1 (Dense)               │ (None, 11)                │           1,419 │ dropout_1[0][0]            │
└───────────────────────────────┴───────────────────────────┴─────────────────┴────────────────────────────┘
 Total params: 10,981,690 (41.89 MB)
 Trainable params: 198,155 (774.04 KB)
 Non-trainable params: 10,783,535 (41.14 MB)
✅ Callbacks configurados

============================================================
🎯 FASE 1: ENTRENANDO CABEZA DE CLASIFICACIÓN
============================================================
Epoch 1/20

Epoch 1: val_accuracy improved from None to 0.88498, saving model to ./Estudios/mejor_modelo_efficientnetb3_combinacion2.keras

Epoch 1: finished saving model to ./Estudios/mejor_modelo_efficientnetb3_combinacion2.keras
19403/19403 - 7351s - 379ms/step - accuracy: 0.8031 - loss: 0.5705 - val_accuracy: 0.8850 - val_loss: 0.3292 - learning_rate: 0.0010
Epoch 2/20

Epoch 2: val_accuracy improved from 0.88498 to 0.90663, saving model to ./Estudios/mejor_modelo_efficientnetb3_combinacion2.keras

Epoch 2: finished saving model to ./Estudios/mejor_modelo_efficientnetb3_combinacion2.keras
19403/19403 - 3741s - 193ms/step - accuracy: 0.8378 - loss: 0.4695 - val_accuracy: 0.9066 - val_loss: 0.2863 - learning_rate: 0.0010
Epoch 3/20

Epoch 3: val_accuracy did not improve from 0.90663
19403/19403 - 3730s - 192ms/step - accuracy: 0.8468 - loss: 0.4455 - val_accuracy: 0.9065 - val_loss: 0.2718 - learning_rate: 0.0010
Epoch 4/20

Epoch 4: val_accuracy improved from 0.90663 to 0.91566, saving model to ./Estudios/mejor_modelo_efficientnetb3_combinacion2.keras

Epoch 4: finished saving model to ./Estudios/mejor_modelo_efficientnetb3_combinacion2.keras
19403/19403 - 3735s - 192ms/step - accuracy: 0.8520 - loss: 0.4311 - val_accuracy: 0.9157 - val_loss: 0.2550 - learning_rate: 0.0010
Epoch 5/20

Epoch 5: val_accuracy did not improve from 0.91566
19403/19403 - 3531s - 182ms/step - accuracy: 0.8550 - loss: 0.4230 - val_accuracy: 0.9148 - val_loss: 0.2495 - learning_rate: 0.0010
Epoch 6/20

Epoch 6: val_accuracy improved from 0.91566 to 0.92087, saving model to ./Estudios/mejor_modelo_efficientnetb3_combinacion2.keras

Epoch 6: finished saving model to ./Estudios/mejor_modelo_efficientnetb3_combinacion2.keras
19403/19403 - 3544s - 183ms/step - accuracy: 0.8570 - loss: 0.4163 - val_accuracy: 0.9209 - val_loss: 0.2419 - learning_rate: 0.0010
Epoch 7/20

Epoch 7: val_accuracy improved from 0.92087 to 0.92315, saving model to ./Estudios/mejor_modelo_efficientnetb3_combinacion2.keras

Epoch 7: finished saving model to ./Estudios/mejor_modelo_efficientnetb3_combinacion2.keras
19403/19403 - 3444s - 177ms/step - accuracy: 0.8590 - loss: 0.4110 - val_accuracy: 0.9232 - val_loss: 0.2353 - learning_rate: 0.0010
Epoch 8/20

Epoch 8: val_accuracy improved from 0.92315 to 0.92585, saving model to ./Estudios/mejor_modelo_efficientnetb3_combinacion2.keras

Epoch 8: finished saving model to ./Estudios/mejor_modelo_efficientnetb3_combinacion2.keras
19403/19403 - 3427s - 177ms/step - accuracy: 0.8604 - loss: 0.4064 - val_accuracy: 0.9258 - val_loss: 0.2293 - learning_rate: 0.0010
Epoch 9/20

Epoch 9: val_accuracy did not improve from 0.92585
19403/19403 - 3459s - 178ms/step - accuracy: 0.8619 - loss: 0.4039 - val_accuracy: 0.9220 - val_loss: 0.2377 - learning_rate: 0.0010
Epoch 10/20

Epoch 10: val_accuracy did not improve from 0.92585
19403/19403 - 3628s - 187ms/step - accuracy: 0.8632 - loss: 0.4007 - val_accuracy: 0.9239 - val_loss: 0.2271 - learning_rate: 0.0010
Epoch 11/20

Epoch 11: val_accuracy improved from 0.92585 to 0.92666, saving model to ./Estudios/mejor_modelo_efficientnetb3_combinacion2.keras

Epoch 11: finished saving model to ./Estudios/mejor_modelo_efficientnetb3_combinacion2.keras
19403/19403 - 3464s - 179ms/step - accuracy: 0.8635 - loss: 0.3979 - val_accuracy: 0.9267 - val_loss: 0.2235 - learning_rate: 0.0010
Epoch 12/20

Epoch 12: val_accuracy improved from 0.92666 to 0.92934, saving model to ./Estudios/mejor_modelo_efficientnetb3_combinacion2.keras

Epoch 12: finished saving model to ./Estudios/mejor_modelo_efficientnetb3_combinacion2.keras
19403/19403 - 3404s - 175ms/step - accuracy: 0.8646 - loss: 0.3966 - val_accuracy: 0.9293 - val_loss: 0.2168 - learning_rate: 0.0010
Epoch 13/20

Epoch 13: val_accuracy did not improve from 0.92934
19403/19403 - 3406s - 176ms/step - accuracy: 0.8657 - loss: 0.3943 - val_accuracy: 0.9274 - val_loss: 0.2208 - learning_rate: 0.0010
Epoch 14/20

Epoch 14: val_accuracy did not improve from 0.92934
19403/19403 - 3397s - 175ms/step - accuracy: 0.8656 - loss: 0.3938 - val_accuracy: 0.9273 - val_loss: 0.2209 - learning_rate: 0.0010
Epoch 15/20

Epoch 15: val_accuracy did not improve from 0.92934
19403/19403 - 3427s - 177ms/step - accuracy: 0.8665 - loss: 0.3922 - val_accuracy: 0.9277 - val_loss: 0.2161 - learning_rate: 0.0010
Epoch 16/20

Epoch 16: val_accuracy improved from 0.92934 to 0.93146, saving model to ./Estudios/mejor_modelo_efficientnetb3_combinacion2.keras

Epoch 16: finished saving model to ./Estudios/mejor_modelo_efficientnetb3_combinacion2.keras
19403/19403 - 3470s - 179ms/step - accuracy: 0.8670 - loss: 0.3909 - val_accuracy: 0.9315 - val_loss: 0.2120 - learning_rate: 0.0010
Epoch 17/20

Epoch 17: val_accuracy did not improve from 0.93146
19403/19403 - 3373s - 174ms/step - accuracy: 0.8674 - loss: 0.3903 - val_accuracy: 0.9274 - val_loss: 0.2192 - learning_rate: 0.0010
Epoch 18/20

Epoch 18: val_accuracy improved from 0.93146 to 0.93366, saving model to ./Estudios/mejor_modelo_efficientnetb3_combinacion2.keras

Epoch 18: finished saving model to ./Estudios/mejor_modelo_efficientnetb3_combinacion2.keras
19403/19403 - 3415s - 176ms/step - accuracy: 0.8675 - loss: 0.3892 - val_accuracy: 0.9337 - val_loss: 0.2071 - learning_rate: 0.0010
Epoch 19/20

Epoch 19: val_accuracy did not improve from 0.93366
19403/19403 - 3351s - 173ms/step - accuracy: 0.8680 - loss: 0.3873 - val_accuracy: 0.9293 - val_loss: 0.2128 - learning_rate: 0.0010
Epoch 20/20

Epoch 20: val_accuracy did not improve from 0.93366
19403/19403 - 3463s - 178ms/step - accuracy: 0.8680 - loss: 0.3872 - val_accuracy: 0.9311 - val_loss: 0.2126 - learning_rate: 0.0010
Restoring model weights from the end of the best epoch: 18.

✅ Fase 1 completada en 1229.37 minutos

============================================================
🎯 FASE 2: FINE-TUNING (últimas 30 capas)
============================================================
Epoch 1/10

Epoch 1: val_accuracy improved from None to 0.94554, saving model to ./Estudios/Modelo/mejor_modelo_efficientnetb3_combinacion2_ft.keras

Epoch 1: finished saving model to ./Estudios/Modelo/mejor_modelo_efficientnetb3_combinacion2_ft.keras
19403/19403 - 3636s - 187ms/step - accuracy: 0.8502 - loss: 0.5230 - val_accuracy: 0.9455 - val_loss: 0.1728 - learning_rate: 1.0000e-05
Epoch 2/10

Epoch 2: val_accuracy improved from 0.94554 to 0.95778, saving model to ./Estudios/Modelo/mejor_modelo_efficientnetb3_combinacion2_ft.keras

Epoch 2: finished saving model to ./Estudios/Modelo/mejor_modelo_efficientnetb3_combinacion2_ft.keras
19403/19403 - 3608s - 186ms/step - accuracy: 0.9156 - loss: 0.2540 - val_accuracy: 0.9578 - val_loss: 0.1352 - learning_rate: 1.0000e-05
Epoch 3/10

Epoch 3: val_accuracy improved from 0.95778 to 0.96493, saving model to ./Estudios/Modelo/mejor_modelo_efficientnetb3_combinacion2_ft.keras

Epoch 3: finished saving model to ./Estudios/Modelo/mejor_modelo_efficientnetb3_combinacion2_ft.keras
19403/19403 - 3475s - 179ms/step - accuracy: 0.9313 - loss: 0.2073 - val_accuracy: 0.9649 - val_loss: 0.1116 - learning_rate: 1.0000e-05
Epoch 4/10

Epoch 4: val_accuracy improved from 0.96493 to 0.96968, saving model to ./Estudios/Modelo/mejor_modelo_efficientnetb3_combinacion2_ft.keras

Epoch 4: finished saving model to ./Estudios/Modelo/mejor_modelo_efficientnetb3_combinacion2_ft.keras
19403/19403 - 3370s - 174ms/step - accuracy: 0.9411 - loss: 0.1785 - val_accuracy: 0.9697 - val_loss: 0.0959 - learning_rate: 1.0000e-05
Epoch 5/10

Epoch 5: val_accuracy improved from 0.96968 to 0.97336, saving model to ./Estudios/Modelo/mejor_modelo_efficientnetb3_combinacion2_ft.keras

Epoch 5: finished saving model to ./Estudios/Modelo/mejor_modelo_efficientnetb3_combinacion2_ft.keras
19403/19403 - 6531s - 337ms/step - accuracy: 0.9477 - loss: 0.1579 - val_accuracy: 0.9734 - val_loss: 0.0838 - learning_rate: 1.0000e-05
Epoch 6/10

Epoch 6: val_accuracy improved from 0.97336 to 0.97576, saving model to ./Estudios/Modelo/mejor_modelo_efficientnetb3_combinacion2_ft.keras

Epoch 6: finished saving model to ./Estudios/Modelo/mejor_modelo_efficientnetb3_combinacion2_ft.keras
19403/19403 - 3449s - 178ms/step - accuracy: 0.9524 - loss: 0.1434 - val_accuracy: 0.9758 - val_loss: 0.0755 - learning_rate: 1.0000e-05
Epoch 7/10

Epoch 7: val_accuracy improved from 0.97576 to 0.97800, saving model to ./Estudios/Modelo/mejor_modelo_efficientnetb3_combinacion2_ft.keras

Epoch 7: finished saving model to ./Estudios/Modelo/mejor_modelo_efficientnetb3_combinacion2_ft.keras
19403/19403 - 3484s - 180ms/step - accuracy: 0.9568 - loss: 0.1312 - val_accuracy: 0.9780 - val_loss: 0.0678 - learning_rate: 1.0000e-05
Epoch 8/10

Epoch 8: val_accuracy improved from 0.97800 to 0.97960, saving model to ./Estudios/Modelo/mejor_modelo_efficientnetb3_combinacion2_ft.keras

Epoch 8: finished saving model to ./Estudios/Modelo/mejor_modelo_efficientnetb3_combinacion2_ft.keras
19403/19403 - 3585s - 185ms/step - accuracy: 0.9599 - loss: 0.1211 - val_accuracy: 0.9796 - val_loss: 0.0630 - learning_rate: 1.0000e-05
Epoch 9/10

Epoch 9: val_accuracy improved from 0.97960 to 0.98093, saving model to ./Estudios/Modelo/mejor_modelo_efficientnetb3_combinacion2_ft.keras

Epoch 9: finished saving model to ./Estudios/Modelo/mejor_modelo_efficientnetb3_combinacion2_ft.keras
19403/19403 - 3678s - 190ms/step - accuracy: 0.9625 - loss: 0.1129 - val_accuracy: 0.9809 - val_loss: 0.0585 - learning_rate: 1.0000e-05
Epoch 10/10

Epoch 10: val_accuracy improved from 0.98093 to 0.98185, saving model to ./Estudios/Modelo/mejor_modelo_efficientnetb3_combinacion2_ft.keras

Epoch 10: finished saving model to ./Estudios/Modelo/mejor_modelo_efficientnetb3_combinacion2_ft.keras
19403/19403 - 3496s - 180ms/step - accuracy: 0.9646 - loss: 0.1065 - val_accuracy: 0.9819 - val_loss: 0.0547 - learning_rate: 1.0000e-05
Restoring model weights from the end of the best epoch: 10.

✅ Fase 2 completada en 638.55 minutos
Métricas guardadas en: ./Estudios/Entrenamiento/EfficientNetB3_2026-04-06_combinacion2.txt
Job finalizado: Tue Apr  7 20:49:51 CEST 2026
