{
    "test_accuracy": 0.8192566900376698,
    "test_loss": 0.8294591903686523,
    "total_samples": 1088671,
    "correct_predictions": 891901,
    "mean_confidence": 0.9272233247756958,
    "num_classes": 11
}