{
    "test_accuracy": 0.8345442153123998,
    "test_loss": 16.361757278442383,
    "total_samples": 1025561,
    "correct_predictions": 855876,
    "mean_confidence": 0.9472029209136963,
    "num_classes": 9
}